"device","tag","yard_tag","target_type","module","module_type","terminal","cabinet","system","description","unit","precision","data_type"
"KEB1","GFDEnabled",,"Bool","R1","750-626/020-002","0","DSK_SWR","4500 AMCS","MTS AMCS KEB1 Ground Fault Diagnostics Enabled",,,"BOOLEAN"
"KEB1","FieldVoltageAvailable",,"Bool","R1","750-626/020-002","2","DSK_SWR","4500 AMCS","MTS AMCS KEB1 Voltage Available",,,"BOOLEAN"
"KEB1","PA24V",,"Bool","R1","750-626/020-002","4","DSK_SWR","4500 AMCS","MTS AMCS KEB1 Power Distribution Insulation Pre-Alarm 24V",,,"BOOLEAN"
"KEB1","MA24V",,"Bool","R1","750-626/020-002","5","DSK_SWR","4500 AMCS","MTS AMCS KEB1 Power Distribution Insulation Main-Alarm 24V",,,"BOOLEAN"
"KEB1","PA0V",,"Bool","R1","750-626/020-002","6","DSK_SWR","4500 AMCS","MTS AMCS KEB1 Power Distribution Insulation Pre-Alarm 0V",,,"BOOLEAN"
"KEB1","MA0V",,"Bool","R1","750-626/020-002","7","DSK_SWR","4500 AMCS","MTS AMCS KEB1 Power Distribution Insulation Main-Alarm 0V",,,"BOOLEAN"
"KEB1","AmcsPowerSupplyFailure",,"Bool","DI00","750-1415","1","DSK_SWR","4500 AMCS","MTS AMCS KEB1 Power Supply Failure",,,"BOOLEAN"
"KEB1","Spare_DI00_2",,"Bool","DI00","750-1415","2","DSK_SWR","4500 AMCS","Spare",,,"BOOLEAN"
"KEB1","UmsEntranceUnitMannedSwitch",,"Bool","DI00","750-1415","3","DSK_SWR","4500 AMCS","UMS Entrance Unit Manned Switch",,,"BOOLEAN"
"KEB1","UmsEntranceUnitUnmannedSwitch",,"Bool","DI00","750-1415","4","DSK_SWR","4500 AMCS","UMS Entrance Unit Unmanned Switch",,,"BOOLEAN"
"KEB1","UmsEntranceUnitOneManSwitch",,"Bool","DI00","750-1415","5","DSK_SWR","4500 AMCS","UMS Entrance Unit One Man Switch",,,"BOOLEAN"
"KEB1","UmsEntranceUnitMoreMenSwitch",,"Bool","DI00","750-1415","6","DSK_SWR","4500 AMCS","UMS Entrance Unit More Men Switch",,,"BOOLEAN"
"KEB1","UmsOneManTimerResetButton",,"Bool","DI00","750-1415","7","DSK_SWR","4500 AMCS","UMS One Man Timer Reset Button",,,"BOOLEAN"
"KEB1","Spare_DI00_8",,"Bool","DI00","750-1415","8","DSK_SWR","4500 AMCS","Spare",,,"BOOLEAN"
"KEB1","AlarmPanelSilenceButton",,"Bool","DI01","750-1415","1","DSK_SWR","4500 AMCS","Alarm Panel Silence Button",,,"BOOLEAN"
"KEB1","Spare_DI01_2",,"Bool","DI01","750-1415","2","DSK_SWR","4500 AMCS","Spare",,,"BOOLEAN"
"KEB1","AlarmPanelGeaCallRevokeButton",,"Bool","DI01","750-1415","3","DSK_SWR","4500 AMCS","Alarm Panel GEA CallRevoke Button",,,"BOOLEAN"
"KEB1","AlarmPanelAcknowledgeButton",,"Bool","DI01","750-1415","4","DSK_SWR","4500 AMCS","Alarm Panel Acknowledge Button",,,"BOOLEAN"
"KEB1","Spare_DI01_5",,"Bool","DI01","750-1415","5","DSK_SWR","4500 AMCS","Spare",,,"BOOLEAN"
"KEB1","Spare_DI01_6",,"Bool","DI01","750-1415","6","DSK_SWR","4500 AMCS","Spare",,,"BOOLEAN"
"KEB1","Spare_DI01_7",,"Bool","DI01","750-1415","7","DSK_SWR","4500 AMCS","Spare",,,"BOOLEAN"
"KEB1","Spare_DI01_8",,"Bool","DI01","750-1415","8","DSK_SWR","4500 AMCS","Spare",,,"BOOLEAN"
"KEB1","UmsMannedLight",,"Bool","DO00","750-1515","1","DSK_SWR","4500 AMCS","UMS Manned Light",,,"BOOLEAN"
"KEB1","UmsTimingOnLight",,"Bool","DO00","750-1515","2","DSK_SWR","4500 AMCS","UMS Timing On Light",,,"BOOLEAN"
"KEB1","Spare_DO00_3",,"Bool","DO00","750-1515","3","DSK_SWR","4500 AMCS","Spare",,,"BOOLEAN"
"KEB1","UmsOneManTimerResetLight",,"Bool","DO00","750-1515","4","DSK_SWR","4500 AMCS","UMS One Man Timer Reset Light",,,"BOOLEAN"
"KEB1","AlarmPanelSilenceLight",,"Bool","DO00","750-1515","5","DSK_SWR","4500 AMCS","Alarm Panel Silence Light",,,"BOOLEAN"
"KEB1","AlarmPanelGeaCallRevokeLight",,"Bool","DO00","750-1515","6","DSK_SWR","4500 AMCS","Alarm Panel GEA CallRevoke Light",,,"BOOLEAN"
"KEB1","MachinerySpaceBuzzerHorn",,"Bool","DO00","750-1515","7","DSK_SWR","4500 AMCS","Machinery Space Buzzer  Horn",,,"BOOLEAN"
"KEB1","AlarmPanelAcknowledgeLight",,"Bool","DO00","750-1515","8","DSK_SWR","4500 AMCS","Alarm Panel Acknowledge Light",,,"BOOLEAN"
"KEB1","AmcsPlcPowerModule1InternalFuseBlown",,"Bool","F1","750-610","1","DSK_SWR","4500 AMCS","AMCS PLC KEB1 Power Module 1 Internal Fuse Blown",,,"BOOLEAN"
"KEB1","AmcsPlcPowerModule1PowerFailure",,"Bool","F1","750-610","2","DSK_SWR","4500 AMCS","AMCS PLC KEB1 Power Module 1 Power Failure",,,"BOOLEAN"
"KEB1","BILGE_LEVEL_SUB_PUMP1_ALARM","21001048-1","Bool","DI20","750-1415","1","+CB.1","2100 BILGE FIFI","Water Sensor for Submersible Pump 1 Alarm",,,"BOOLEAN"
"KEB1","BILGE_LEVEL_SUB_PUMP2_ALARM","21001048-2","Bool","DI20","750-1415","2","+CB.1","2101 BILGE FIFI","Water Sensor for Submersible Pump 2 Alarm",,,"BOOLEAN"
"KEB1","BILGE_LEVEL_SUB_PUMP3_ALARM","21001048-3","Bool","DI20","750-1415","3","+CB.1","2102 BILGE FIFI","Water Sensor for Submersible Pump 3 Alarm",,,"BOOLEAN"
"KEB1","GEN_SERV_PUMP1_REM_AVAIL","21001001","Bool","DI20","750-1415","4","+CB.1","2100 GENERAL SERVICE","General Service Pump 1 Remote Available",,,"BOOLEAN"
"KEB1","GEN_SERV_PUMP2_REM_AVAIL","21001002","Bool","DI20","750-1415","5","+CB.1","2100 GENERAL SERVICE","General Service Pump 2 Remote Available",,,"BOOLEAN"
"KEB1","GEN_SERV_PUMP2_FIELD_START","21001002","Bool","DI20","750-1415","6","+CB.1","2100 GENERAL SERVICE","General Service Pump 2 Field Start",,,"BOOLEAN"
"KEB1","GEN_SERV_PUMP2_FIELD_STOP","21001002","Bool","DI20","750-1415","7","+CB.1","2100 GENERAL SERVICE","General Service Pump 2 Field Stop",,,"BOOLEAN"
"KEB1","STRIP_PUMP_REM_AVAIL","21001004","Bool","DI20","750-1415","8","+CB.1","2100 BILGE FIFI","Stripping Pump Remote Available",,,"BOOLEAN"
"KEB1","STRIP_PUMP_RUNNING","21001004","Bool","DI21","750-1415","1","+CB.1","2100 BILGE FIFI","Stripping Pump Running ",,,"BOOLEAN"
"KEB1","GEN_SERV_PUMP1_REM_START","21001001","Bool","DI21","750-1415","2","+CB.1","2100 GENERAL SERVICE","General Service Pump 1 Remote Start / Running",,,"BOOLEAN"
"KEB1","CHAIN_LOCK_PUMP_REM_AVAIL","21001005","Bool","DI21","750-1415","3","+CB.1","2100 BILGE FIFI","Chain Locker Pump Remote Available",,,"BOOLEAN"
"KEB1","CHAIN_LOCK_PUMP_RUNNING","21001005","Bool","DI21","750-1415","4","+CB.1","2100 BILGE FIFI","Chain Locker Pump Running ",,,"BOOLEAN"
"KEB1","GEN_SERV_PUMP2_REM_START","21001002","Bool","DI21","750-1415","5","+CB.1","2100 GENERAL SERVICE","General Service Pump 2 Remote Start / Running",,,"BOOLEAN"
"KEB1","SUBMERS_PUMP1_REM_AVAIL","21001006-1","Bool","DI21","750-1415","6","+CB.1","2100 BILGE FIFI","Submersible Pump 1 Remote Available",,,"BOOLEAN"
"KEB1","SUBMERS_PUMP1_RUNNING","21001006-1","Bool","DI21","750-1415","7","+CB.1","2100 BILGE FIFI","Submersible Pump 1 Running ",,,"BOOLEAN"
"KEB1","SUBMERS_PUMP2_REM_AVAIL","21001006-2","Bool","DI22","750-1415","1","+CB.1","2100 BILGE FIFI","Submersible Pump 2 Remote Available",,,"BOOLEAN"
"KEB1","SUBMERS_PUMP2_RUNNING","21001006-2","Bool","DI22","750-1415","2","+CB.1","2100 BILGE FIFI","Submersible Pump 2 Running ",,,"BOOLEAN"
"KEB1","SUBMERS_PUMP3_REM_AVAIL","21001006-3","Bool","DI22","750-1415","4","+CB.1","2100 BILGE FIFI","Submersible Pump 3 Remote Available",,,"BOOLEAN"
"KEB1","SUBMERS_PUMP3_RUNNING","21001006-3","Bool","DI22","750-1415","5","+CB.1","2100 BILGE FIFI","Submersible Pump 3 Running ",,,"BOOLEAN"
"KEB1","FRESH_WATER_MAK1_ALARM","25001001-1","Bool","DI22","750-1415","7","+CB.1","2500 FRESH WATER","Fresh Water Maker 1 Common Alarm",,,"BOOLEAN"
"KEB1","FRESH_WATER_MAK2_ALARM","25001001-2","Bool","DI22","750-1415","8","+CB.1","2500 FRESH WATER","Fresh Water Maker 2 Common Alarm",,,"BOOLEAN"
"KEB1","FRESH_WATER_CHLORINE_UNIT_ALARM","25001017","Bool","DI23","750-1415","1","+CB.1","2500 FRESH WATER","Chlorine Dosing Unit Common Alarm",,,"BOOLEAN"
"KEB1","TRANS_PUMP_BLCK_WAT_REM_AVAIL","34001001","Bool","DI23","750-1415","2","+CB.1","3400 SEWAGE","Transfer Pump 2 Blackwater Remote Available",,,"BOOLEAN"
"KEB1","TRANS_PUMP_BLCK_WAT_RUNNING","34001001","Bool","DI23","750-1415","3","+CB.1","3400 SEWAGE","Transfer Pump 2 Blackwater Running ",,,"BOOLEAN"
"KEB1","TRANS_PUMP_GREY_WAT_REM_AVAIL","34001002","Bool","DI23","750-1415","4","+CB.1","3400 SEWAGE","Transfer Pump 1 Greywater Remote Available",,,"BOOLEAN"
"KEB1","TRANS_PUMP_GREY_WAT_RUNNING","34001002","Bool","DI23","750-1415","5","+CB.1","3400 SEWAGE","Transfer Pump 1 Greywater Running ",,,"BOOLEAN"
"KEB1","PUMP_FWD_GREY_WAT_REM_AVAIL","34001003","Bool","DI23","750-1415","6","+CB.1","3400 SEWAGE","Pump 3 Fwd Grey Water Remote Available",,,"BOOLEAN"
"KEB1","PUMP_FWD_GREY_WAT_RUNNING","34001003","Bool","DI23","750-1415","7","+CB.1","3400 SEWAGE","Pump 3 Fwd Grey Water Running ",,,"BOOLEAN"
"KEB1","SEW_TREAT_RUNNING",,"Bool","DI23","750-1415","8","+CB.1","3400 SEWAGE","Sewage Treatment Plant Running",,,"BOOLEAN"
"KEB1","SEW_TREAT_RELEASE",,"Bool","DI24","750-1415","1","+CB.1","3400 SEWAGE","Sewage Treatment Plant Release",,,"BOOLEAN"
"KEB1","SEW_TREAT_GEN_ALARM",,"Bool","DI24","750-1415","2","+CB.1","3400 SEWAGE","Sewage Treatment Plant General Alarm",,,"BOOLEAN"
"KEB1","SEW_TREAT_DRY_RUNN_PROT",,"Bool","DI24","750-1415","4","+CB.1","3400 SEWAGE","Sewage Treatment Plant Dry Running Protection & Cleaning Pum[",,,"BOOLEAN"
"KEB1","PASS_HATCH_CL_LOCK",,"Bool","DI24","750-1415","5","+CB.1","7500 PASSERELLE","Passerelle Hatch Closed & Locked ",,,"BOOLEAN"
"KEB1","SBL_SB_CLOSED_LOCKED",,"Bool","DI24","750-1415","6","+CB.1","7500 BOARDING LADDER","SB Side Boarding Ladder Closed & Locked",,,"BOOLEAN"
"KEB1","SBL_SPARE_INPUT",,"Bool","DI24","750-1415","7","+CB.1","7500 BOARDING LADDER","Side Boarding Ladder Spare",,,"BOOLEAN"
"KEB1","TECH_CORRIDOR_ESC_HATCH_SB",,"Bool","DI25","750-1415","1","+CB.1","0900 DOORS HATCHES","Technical Corridor Escape Hatch SB Nr.27",,,"BOOLEAN"
"KEB1","TECH_ROOM_ESC_HATCH_PS",,"Bool","DI25","750-1415","2","+CB.1","0900 DOORS HATCHES","Technical Room Escape Hatch PS Nr.31",,,"BOOLEAN"
"KEB1","MAIN_DECKH_VENT_HATCH_SB",,"Bool","DI25","750-1415","3","+CB.1","0900 DOORS HATCHES","Main Deckhouse Ventilation Hatch SB Nr.33",,,"BOOLEAN"
"KEB1","MAIN_DECKH_VENT_HATCH_PS",,"Bool","DI25","750-1415","4","+CB.1","0900 DOORS HATCHES","Main Deckhouse Ventilation Hatch PS Nr.34",,,"BOOLEAN"
"KEB1","MAIN_DECKH_ACCESS_DOOR",,"Bool","DI25","750-1415","5","+CB.1","0900 DOORS HATCHES","Main Deckhouse Access Door Nr.35",,,"BOOLEAN"
"KEB1","AFT_DECKH_ACCESS_DOOR",,"Bool","DI25","750-1415","6","+CB.1","0900 DOORS HATCHES","Aft Deckhouse Access Door Nr.36",,,"BOOLEAN"
"KEB1","LAZA_ACCESS_HATCH_SB_FWD",,"Bool","DI25","750-1415","7","+CB.1","0900 DOORS HATCHES","Lazarette Access Hatch SB Fwd Nr.37",,,"BOOLEAN"
"KEB1","LAZA_ACCESS_HATCH_PS_FWD",,"Bool","DI25","750-1415","8","+CB.1","0900 DOORS HATCHES","Lazarette Access Hatch PS Fwd Nr.38",,,"BOOLEAN"
"KEB1","LAZA_ACCESS_HATCH_SB_MID",,"Bool","DI26","750-1415","1","+CB.1","0900 DOORS HATCHES","Lazarette Access Hatch SB Mid Nr.39",,,"BOOLEAN"
"KEB1","LAZA_ACCESS_HATCH_PS_MID",,"Bool","DI26","750-1415","2","+CB.1","0900 DOORS HATCHES","Lazarette Access Hatch PS Mid Nr.40",,,"BOOLEAN"
"KEB1","LAZA_ACCESS_HATCH_SB_AFT",,"Bool","DI26","750-1415","3","+CB.1","0900 DOORS HATCHES","Lazarette Access Hatch SB Aft Nr.41",,,"BOOLEAN"
"KEB1","LAZA_ACCESS_HATCH_PS_AFT",,"Bool","DI26","750-1415","4","+CB.1","0900 DOORS HATCHES","Lazarette Access Hatch PS Aft Nr.42",,,"BOOLEAN"
"KEB1","AFT_DECKH_VENT_HATCH",,"Bool","DI26","750-1415","5","+CB.1","0900 DOORS HATCHES","Aft Deckhouse Ventilation Hatch Nr.44",,,"BOOLEAN"
"KEB1","SBP_PS_CLOSED_LOCKED",,"Bool","DI26","750-1415","6","+CB.1","0900 DOORS HATCHES","PS Sideboarding Platform Crew Closed & Locked",,,"BOOLEAN"
"KEB1","VENT_SUPP_TECH_SPACE_REM_AVAIL",,"Bool","DI26","750-1415","7","+CB.1","3500 VENTILATION","Ventilation Supply Technical Space Remote Available",,,"BOOLEAN"
"KEB1","VENT_SUPP_TECH_SPACE_RUNNING",,"Bool","DI26","750-1415","8","+CB.1","3500 VENTILATION","Ventilation Supply Technical Space Running",,,"BOOLEAN"
"KEB1","VENT_EXTR_TECH_SPACE_REM_AVAIL",,"Bool","DI27","750-1415","1","+CB.1","3500 VENTILATION","Ventilation Extractor Technical Space Remote Available",,,"BOOLEAN"
"KEB1","VENT_EXTR_TECH_SPACE_RUNNING",,"Bool","DI27","750-1415","2","+CB.1","3500 VENTILATION","Ventilation Extractor Technical Space Running",,,"BOOLEAN"
"KEB1","BATT_VENT_AFT_PS_ON_RUN",,"Bool","DI27","750-1415","3","+CB.1","3500 VENTILATION","Battery Ventilation AFT PS On / Run ",,,"BOOLEAN"
"KEB1","BATT_VENT_AFT_PS_ON_FAULT",,"Bool","DI27","750-1415","4","+CB.1","3500 VENTILATION","Battery Ventilation AFT PS Fault",,,"BOOLEAN"
"KEB1","BATT_VENT_AFT_PS_ON_READY",,"Bool","DI27","750-1415","5","+CB.1","3500 VENTILATION","Battery Ventilation AFT PS Ready",,,"BOOLEAN"
"KEB1","BATT_VENT_AFT_SB_ON_RUN",,"Bool","DI27","750-1415","6","+CB.1","3500 VENTILATION","Battery Ventilation AFT SB On / Run ",,,"BOOLEAN"
"KEB1","BATT_VENT_AFT_SB_ON_FAULT",,"Bool","DI27","750-1415","7","+CB.1","3500 VENTILATION","Battery Ventilation AFT SB Fault",,,"BOOLEAN"
"KEB1","BATT_VENT_AFT_SB_ON_READY",,"Bool","DI27","750-1415","8","+CB.1","3500 VENTILATION","Battery Ventilation AFT SB Ready",,,"BOOLEAN"
"KEB1","DRAIN_VLV_Y01_POS_OVERBOARD","25004014-1","Bool","DI28","750-1415","1","+CB.1","2500 TECHWATER","Drain water Valve Y01 Position Overboard",,,"BOOLEAN"
"KEB1","DRAIN_VLV_Y01_POS_TO_PURO","25004014-1","Bool","DI28","750-1415","2","+CB.1","2500 TECHWATER","Drain water Valve Y01 Position to Puro",,,"BOOLEAN"
"KEB1","TECH_WATER_CHLORINE_UNIT_ALARM","25004035","Bool","DI28","750-1415","3","+CB.1","2500 TECHWATER","Chlorine Dosing Unit Common Alarm",,,"BOOLEAN"
"KEB1","MTS_INLET_FIRE_FLAP_RELEASED","35005031-1","Bool","DI28","750-1415","4","+CB.1","3500 VENTILATION","Main Technical Space Inlet Fire Flap Released",,,"BOOLEAN"
"KEB1","MTS_INLET_FIRE_FLAP_FULLY_RESET","35005031-1","Bool","DI28","750-1415","5","+CB.1","3500 VENTILATION","Main Technical Space Inlet Fire Flap Fully Reset",,,"BOOLEAN"
"KEB1","MTS_EXHAUST_FIRE_FLAP_RELEASED","35005031-2","Bool","DI28","750-1415","6","+CB.1","3500 VENTILATION","Main Technical Space Exhaust Fire Flap Released",,,"BOOLEAN"
"KEB1","MTS_EXHAUST_FIRE_FLAP_FULLY_RESET","35005031-2","Bool","DI28","750-1415","7","+CB.1","3500 VENTILATION","Main Technical Space Exhaust Fire Flap Fully Reset ",,,"BOOLEAN"
"KEB1","HELM_PS_OUT_DISP_ON_OFF",,"Bool","DI28","750-1415","8","+CB.1","KVM SWITCHING","Helmstation PS Out Display On/Off ",,,"BOOLEAN"
"KEB1","HELM_PS_OUT_DISP_TOGG",,"Bool","DI29","750-1415","1","+CB.1","KVM SWITCHING","Helmstation PS Out Display Toggle",,,"BOOLEAN"
"KEB1","HELM_PS_IN_DISP_ON_OFF",,"Bool","DI29","750-1415","2","+CB.1","KVM SWITCHING","Helmstation PS In Display On/Off ",,,"BOOLEAN"
"KEB1","HELM_PS_IN_DISP_TOGG",,"Bool","DI29","750-1415","3","+CB.1","KVM SWITCHING","Helmstation PS In Display Toggle",,,"BOOLEAN"
"KEB1","HELM_PS_IN_DISP_AMCS",,"Bool","DI29","750-1415","4","+CB.1","KVM SWITCHING","Helmstation PS In Display AMCS Direct",,,"BOOLEAN"
"KEB1","HELM_PS_MUTE_AMCS",,"Bool","DI29","750-1415","5","+CB.2","4500 AMCS","Helmstation PS Mute AMCS",,,"BOOLEAN"
"KEB1","HELM_PS_BACKLIGHT_UP_DOWN",,"Bool","DI29","750-1415","6","+CB.2","4500 AMCS","Helmstation PS Backlight Up/Down",,,"BOOLEAN"
"KEB1","HELM_PS_CREW_CALL",,"Bool","DI29","750-1415","7","+CB.2","4500 AMCS","Helmstation PS Crew Call ",,,"BOOLEAN"
"KEB1","SHIPS_OFF_DISP_TOGG",,"Bool","DI29","750-1415","8","+CB.1","KVM SWITCHING","Ships Office Display Toggle",,,"BOOLEAN"
"KEB1","DB_GEN_SERVICE_14E1_01V01_FAULT",,"Bool","DI30","750-1415","1","+CB.1","4500 24VDC SYSTEM","24 Vdc DB General Service 14E1 01V01 Failure",,,"BOOLEAN"
"KEB1","DB_GEN_SERVICE_14E1_01V02_FAULT",,"Bool","DI30","750-1415","2","+CB.1","4500 24VDC SYSTEM","24 Vdc DB General Service 14E1 01V02 Failure",,,"BOOLEAN"
"KEB1","DB_GEN_SERVICE_14E1_02V01_FAULT",,"Bool","DI30","750-1415","3","+CB.1","4500 24VDC SYSTEM","24 Vdc DB General Service 14E1 02V01 Failure",,,"BOOLEAN"
"KEB1","DB_GEN_SERVICE_14E1_02V02_FAULT",,"Bool","DI30","750-1415","4","+CB.1","4500 24VDC SYSTEM","24 Vdc DB General Service 14E1 02V02 Failure",,,"BOOLEAN"
"KEB1","PCS_CB.10_COM_ALARM",,"Bool","DI31","750-1415","1","+CB.1","PCS","PCS +CB.10 Common Alarm",,,"BOOLEAN"
"KEB1","PCS_CB.10_24VDC_SERV_FAIL",,"Bool","DI31","750-1415","2","+CB.1","PCS","PCS +CB.10 24Vdc Service Failure",,,"BOOLEAN"
"KEB1","PCS_CB.10_24VDC_EMERG_FAIL",,"Bool","DI31","750-1415","3","+CB.1","PCS","PCS +CB.10 24Vdc Emergency Failure ",,,"BOOLEAN"
"KEB1","PCS_CB.10_POWER_DISTR_INS",,"Bool","DI31","750-1415","4","+CB.1","PCS","PCS +CB.10 Power Distribution Insulation ",,,"BOOLEAN"
"KEB1","PCS_CB.10_HYDR_PRESS_ALARM",,"Bool","DI31","750-1415","5","+CB.1","PCS","PCS +CB.10 Hydraulic Pressure Alarm",,,"BOOLEAN"
"KEB1","PCS_CB.10_OIL_LEV_ALARM_SEAL_TANK",,"Bool","DI31","750-1415","6","+CB.1","PCS","PCS +CB.10 Oil level Alarm Shaft Seal Tank",,,"BOOLEAN"
"KEB1","PCS_CB.10_GEAR_OIL_LEV_ALARM",,"Bool","DI31","750-1415","7","+CB.1","PCS","PCS +CB.10 Thruster Gear Oil Level Alarm",,,"BOOLEAN"
"KEB1","PCS_CB.10_GEAR_OIL_TEMP_ALARM",,"Bool","DI31","750-1415","8","+CB.1","PCS","PCS +CB.10 Thruster Gear Oil Temperature Alarm",,,"BOOLEAN"
"KEB1","PCS_CB.10_OVERSP_ALARM",,"Bool","DI32","750-1415","1","+CB.1","PCS","PCS +CB.10 Thruster Overspeed Alarm",,,"BOOLEAN"
"KEB1","PCS_CB.10_OVERL_ALARM",,"Bool","DI32","750-1415","2","+CB.1","PCS","PCS +CB.10 Thruster Overload Alarm",,,"BOOLEAN"
"KEB1","PCS_CB.10_AZI_FOLL_UP_FAIL_ALARM",,"Bool","DI32","750-1415","3","+CB.1","PCS","PCS +CB.10 Thruster Azimuth Follow Up Failure/Alarm",,,"BOOLEAN"
"KEB1","PCS_CB.10_PITCH_FOLL_UP_FAIL_ALARM",,"Bool","DI32","750-1415","4","+CB.1","PCS","PCS +CB.10 Thruster Pitch Follow Up Failure/Alarm",,,"BOOLEAN"
"KEB1","FLOW_LOWER_SALOON_COLD_WATER","25001037-30","Float","AI20","750-455","1","+CB.1","2500 FRESH WATER","Flow Sensor Lower Saloon Cold Water","4-20mA",,"REAL"
"KEB1","FLOW_DAYHEAD_COLD_WATER","25001037-31","Float","AI20","750-455","2","+CB.1","2500 FRESH WATER","Flow Sensor Dayhead Cold Water","4-20mA",,"REAL"
"KEB1","FLOW_GUEST_CABIN_SB_HOT_WATER","25001037-33","Float","AI20","750-455","3","+CB.1","2500 FRESH WATER","Flow Sensor Guest Cabin SB Hot Water","4-20mA",,"REAL"
"KEB1","FLOW_GUEST_CABIN_SB_COLD_WATER","25001037-32","Float","AI20","750-455","4","+CB.1","2500 FRESH WATER","Flow Sensor Guest Cabin SB Cold Water","4-20mA",,"REAL"
"KEB1","FLOW_GUEST_CABIN_PS_FWD_HOT_WATER","25001037-36","Float","AI21","750-455","1","+CB.1","2500 FRESH WATER","Flow Sensor Guest Cabin PS Fwd Hot Water","4-20mA",,"REAL"
"KEB1","FLOW_GUEST_CABIN_PS_FWD_COLD_WATER","25001037-34","Float","AI21","750-455","2","+CB.1","2500 FRESH WATER","Flow Sensor Guest Cabin PS Fwd Cold Water","4-20mA",,"REAL"
"KEB1","FLOW_GUEST_CABIN_PS_AFT_HOT_WATER","25001037-38","Float","AI21","750-455","3","+CB.1","2500 FRESH WATER","Flow Sensor Guest Cabin PS Aft Hot Water","4-20mA",,"REAL"
"KEB1","FLOW_GUEST_CABIN_PS_AFT_COLD_WATER","25001037-35","Float","AI21","750-455","4","+CB.1","2500 FRESH WATER","Flow Sensor Guest Cabin PS Aft Cold Water","4-20mA",,"REAL"
"KEB1","FLOW_MASTER_CABIN_SB_HOT_WATER","25001037-40","Float","AI22","750-455","1","+CB.1","2500 FRESH WATER","Flow Sensor Master Cabin SB Hot Water","4-20mA",,"REAL"
"KEB1","FLOW_MASTER_CABIN_SB_COLD_WATER","25001037-37","Float","AI22","750-455","2","+CB.1","2500 FRESH WATER","Flow Sensor Master Cabin SB Cold Water","4-20mA",,"REAL"
"KEB1","FLOW_MASTER_CABIN_PS_HOT_WATER","25001037-42","Float","AI22","750-455","3","+CB.1","2500 FRESH WATER","Flow Sensor Master Cabin PS Hot Water","4-20mA",,"REAL"
"KEB1","FLOW_MASTER_CABIN_PS_COLD_WATER","25001037-39","Float","AI22","750-455","4","+CB.1","2500 FRESH WATER","Flow Sensor Master Cabin PS Cold Water","4-20mA",,"REAL"
"KEB1","FLOW_LAZARET_HOT_WATER","25001037-43","Float","AI23","750-455","1","+CB.1","2500 FRESH WATER","Flow Sensor Lazaret Hot Water","4-20mA",,"REAL"
"KEB1","FLOW_LAZARET_COLD_WATER","25001037-41","Float","AI23","750-455","2","+CB.1","2500 FRESH WATER","Flow Sensor Lazaret Cold Water","4-20mA",,"REAL"
"KEB1","FLOW_WATER_SOFTNER_COLD_WATER","25001124","Float","AI23","750-455","3","+CB.1","2500 FRESH WATER","Flow Sensor Water Softner Cold Water","4-20mA",,"REAL"
"KEB1","FLOW_MAIN_TECH_SPACE_HOT_WATER","25001123-1","Float","AI23","750-455","4","+CB.1","2500 FRESH WATER","Flow Sensor Main Technical Space Hot Water","4-20mA",,"REAL"
"KEB1","FLOW_MAIN_TECH_SPACE_COLD_WATER","25001037-1","Float","AI24","750-455","1","+CB.1","2500 FRESH WATER","Flow Sensor Main Technical Space Cold Water","4-20mA",,"REAL"
"KEB1","FLOW_MAIN_TECH_SPACE_FR45_COLD_WATER","25001123-2","Float","AI24","750-455","2","+CB.1","2500 FRESH WATER","Flow Sensor Main Technical Space FR45 Bilge Area Cold Water","4-20mA",,"REAL"
"KEB1","LEVEL_FRESH_WATER_TANK_1_FR_45_PS","25001019-1","Float","AI24","750-455","3","+CB.1","2500 FRESH WATER","Level Sensor Fresh Water Tank 1 FR 45 PS","4-20mA",,"REAL"
"KEB1","LEVEL_FRESH_WATER_TANK_2_FR_45_SB","25001019-2","Float","AI24","750-455","4","+CB.1","2500 FRESH WATER","Level Sensor Fresh Water Tank 2 FR 45 SB","4-20mA",,"REAL"
"KEB1","TEMP1_FOR_ENERGY_REC_SYSTEM","25001038-1","Float","AI25","750-455","1","+CB.1","2500 FRESH WATER","Temperature Sensor 1 For Energy Recovery System","4-20mA",,"REAL"
"KEB1","TEMP2_FOR_ENERGY_REC_SYSTEM","25001038-2","Float","AI25","750-455","2","+CB.1","2500 FRESH WATER","Temperature Sensor 2 For Energy Recovery System","4-20mA",,"REAL"
"KEB1","ACC_SENSOR_2_OUTPX","45019001-2","Float","AI25","750-455","3","+CB.1","4500 AMCS","Acceleration Sensor 2 Output X","4-20mA",,"REAL"
"KEB1","ACC_SENSOR_2_OUTPY","45019001-2","Float","AI25","750-455","4","+CB.1","4500 AMCS","Acceleration Sensor 2 Output Y","4-20mA",,"REAL"
"KEB1","ACC_SENSOR_2_OUTPZ","45019001-2","Float","AI26","750-455","1","+CB.1","4500 AMCS","Acceleration Sensor 2 Output Z","4-20mA",,"REAL"
"KEB1","PNEUMATIC_PRESSURE","29001019","Float","AI26","750-455","2","+CB.1","2900 PNEUMATIC ","Pressure ","Bar",,"REAL"
"KEB1","LEVEL_GREY_WATER_TANK_AFT_SB","34001025-1","Float","AI26","750-455","3","+CB.1","3400 SEWAGE","Level Sensor Greywater Tank Aft FR 53 SB","4-20mA",,"REAL"
"KEB1","LEVEL_GREY_WATER_TANK_AFT_PS","34001025-2","Float","AI26","750-455","4","+CB.1","3400 SEWAGE","Level Sensor Black & Greywater Tank FR 48 PS ","4-20mA",,"REAL"
"KEB1","LEVEL_SLUDGE_TANK","34001025-3","Float","AI27","750-455","1","+CB.1","3400 SEWAGE","Level Sensor Sludge Tank FR 50","4-20mA",,"REAL"
"KEB1","MAIN_DECKH_VENT_HATCH_SB_PERC",,"Float","AI27","750-455","2","+CB.1","0900 DOORS HATCHES","Main Deckhouse Ventilation Hatch SB Nr.33 Percentage Open","%",,"REAL"
"KEB1","MAIN_DECKH_VENT_HATCH_PS_PERC",,"Float","AI27","750-455","3","+CB.1","0900 DOORS HATCHES","Main Deckhouse Ventilation Hatch PS Nr.34 Percentage Open","%",,"REAL"
"KEB1","AFT_DECKH_VENT_HATCH_PERC",,"Float","AI27","750-455","4","+CB.1","0900 DOORS HATCHES","Aft Deckhouse Ventilation Hatch Nr.44 Percentage Open","%",,"REAL"
"KEB1","TECH_WAT_SALINITY",,"Float","AI28","750-455","1","+CB.1","2500 TECHWATER","Salinity Sensor","4-20mA",,"REAL"
"KEB1","TECH_WAT_TANK1_LEVEL","25004025-1","Float","AI28","750-455","2","+CB.1","2500 TECHWATER","Level Sensor Technical Water Tank1 FR tbd SB","%",,"REAL"
"KEB1","TECH_WAT_TANK2_LEVEL","25001025-2","Float","AI28","750-455","3","+CB.1","2500 TECHWATER","Level Sensor Technical Water Tank2 FR45 SB","%",,"REAL"
"KEB1","TECH_WAT_FLOW_CHARCOAL_FILTER_B01","25004037-4","Float","AI28","750-455","4","+CB.1","2500 TECHWATER","Flow Sensor Charcoal Filter B01","4-20mA",,"REAL"
"KEB1","TECH_WAT_FLOW_REEL_FOR_DECKWASH_B04","25004037-3","Float","AI29","750-455","1","+CB.1","2500 TECHWATER","Flow Sensor Reel For Deckwash B04","4-20mA",,"REAL"
"KEB1","TECH_WAT_FLOW_CHARCOAL_FILTER_B02","25004038","Float","AI29","750-455","2","+CB.1","2500 TECHWATER","Flow Sensor Charcoal Filter B02","4-20mA",,"REAL"
"KEB1","TECH_WAT_FLOW_ADIABATIC_COOL_B03","25004034-1","Float","AI29","750-455","3","+CB.1","2500 TECHWATER","Flow Sensor Adiabatic Cooling Line B03","4-20mA",,"REAL"
"KEB1","TECH_WAT_FLOW_ADIABATIC_COOL_B07","25004034-2","Float","AI29","750-455","4","+CB.1","2500 TECHWATER","Flow Sensor Adiabatic Cooling Line B07","4-20mA",,"REAL"
"KEB1","TECH_WAT_FLOW_ADIABATIC_COOL_B08","25004034-3","Float","AI30","750-455","1","+CB.1","2500 TECHWATER","Flow Sensor Adiabatic Cooling Line B08","4-20mA",,"REAL"
"KEB1","TECH_WAT_FLOW_ADIABATIC_COOL_B09","25004034-4","Float","AI30","750-455","2","+CB.1","2500 TECHWATER","Flow Sensor Adiabatic Cooling Line B09","4-20mA",,"REAL"
"KEB1","STERN_THRUST_BEARING_TEMP_DE",,"Float","AI31","750-450","1","+CB.1","1500 PROPULSION","Stern Thrust Motor Bearing Temperature DE","°C",,"REAL"
"KEB1","STERN_THRUST_BEARING_TEMP_NDE",,"Float","AI31","750-450","2","+CB.1","1500 PROPULSION","Stern Thrust Motor Bearing Temperature NDE","°C",,"REAL"
"KEB1","AmcsPlcPowerModule2FuseBlown",,"Bool","F2","750-610","1","+CB.1","4500 AMCS","AMCS PLC KEB1 Power Module 2 Fuse Blown",,,"BOOLEAN"
"KEB1","AmcsPlcPowerModule2PowerFailure",,"Bool","F2","750-610","2","+CB.1","4500 AMCS","AMCS PLC KEB1 Power Module 2 Power Failure",,,"BOOLEAN"
"KEB1","BATT_VENT_AFT_PS_SPEED",,"Float","AO60","750-555","1","+CB.1","3500 VENTILATION","Battery Ventilation AFT PS Speed","%",,"REAL"
"KEB1","BATT_VENT_AFT_SB_SPEED",,"Float","AO60","750-555","2","+CB.1","3500 VENTILATION","Battery Ventilation AFT SB Speed","%",,"REAL"
"KEB1","GEN_SERV_PUMP2_FIELD_RUNN_FDBCK","21001004","Bool","DO60","750-1500","1","+CB.1","2100 GENERAL SERVICE","General Service Pump 2 Field Running Feedback","na",,"BOOLEAN"
"KEB1","STRIP_PUMP_START","21001004","Bool","DO60","750-1500","2","+CB.1","2100 BILGE FIFI","Stripping Pump Start Command","na",,"BOOLEAN"
"KEB1","STRIP_PUMP_STOP","21001004","Bool","DO60","750-1500","3","+CB.1","2100 BILGE FIFI","Stripping Pump Stop Command ","na",,"BOOLEAN"
"KEB1","CHAIN_LOCK_PUMP_START","21001005","Bool","DO60","750-1500","4","+CB.1","2100 BILGE FIFI","Chain Locker Pump Start Command","na",,"BOOLEAN"
"KEB1","CHAIN_LOCK_PUMP_STOP","21001005","Bool","DO60","750-1500","5","+CB.1","2100 BILGE FIFI","Chain Locker Pump Stop Command","na",,"BOOLEAN"
"KEB1","SUBMERS_PUMP1_LEVEL_HIGH","21001006-1","Bool","DO60","750-1500","6","+CB.1","2100 BILGE FIFI","Submersible Pump 1 Level High (Start)","na",,"BOOLEAN"
"KEB1","SUBMERS_PUMP2_LEVEL_HIGH","21001006-2","Bool","DO60","750-1500","7","+CB.1","2100 BILGE FIFI","Submersible Pump 2 Level High (Start)","na",,"BOOLEAN"
"KEB1","SUBMERS_PUMP3_LEVEL_HIGH","21001006-3","Bool","DO60","750-1500","8","+CB.1","2100 BILGE FIFI","Submersible Pump 3 Level High (Start)","na",,"BOOLEAN"
"KEB1","SEPARATOR_START","21001007","Bool","DO60","750-1500","9","+CB.1","2100 BILGE FIFI","Bilge Separator Start","na",,"BOOLEAN"
"KEB1","GEN_SERV_PUMP2_FIELD_AVAIL_FDBCK",,"Bool","DO60","750-1500","10","+CB.1","2100 GENERAL SERVICE","General Service Pump 2 Field Available Feedback","na",,"BOOLEAN"
"KEB1","GEN_SERV_PUMP2_FIELD_FAULT_FDBCK",,"Bool","DO60","750-1500","11","+CB.1","2100 GENERAL SERVICE","General Service Pump 2 Field Fault Feedback","na",,"BOOLEAN"
"KEB1","ACTIVATE_HULL_TEMP_MEASUREMENT",,"Bool","DO60","750-1500","12","+CB.1","AMCS - CTRL","Activate Hull Temperature measurement ","na",,"BOOLEAN"
"KEB1","TRANS_PUMP_BLCK_WAT_START_STOP","34001001","Bool","DO60","750-1500","13","+CB.1","3400 SEWAGE","Transfer Pump 2 Blackwater Start/Stop","na",,"BOOLEAN"
"KEB1","TRANS_PUMP_GREY_WAT_START_STOP","34001002","Bool","DO60","750-1500","14","+CB.1","3400 SEWAGE","Transfer Pump 1 Greywater Start/Stop","na",,"BOOLEAN"
"KEB1","PUMP_FWD_GREY_WAT_START_STOP","34001003","Bool","DO60","750-1500","15","+CB.1","3400 SEWAGE","Pump 3 Fwd Greywater Start/Stop","na",,"BOOLEAN"
"KEB1","VENT_SUPP_TECH_SPACE_START_STOP",,"Bool","DO60","750-1500","16","+CB.1","3500 VENTILATION","Ventilation Supply Technical Space Start/Stop","na",,"BOOLEAN"
"KEB1","VENT_EXTR_TECH_SPACE_START_STOP",,"Bool","DO61","750-1500","1","+CB.1","3500 VENTILATION","Ventilation Extractor Technical Space Start/Stop","na",,"BOOLEAN"
"KEB1","VENT_FP_FR10_PS_ON_OFF","35002266-1","Bool","DO61","750-1500","2","+CB.1","3500 VENTILATION","Ventilation Forepeak FR10 PS On/Off","na",,"BOOLEAN"
"KEB1","VENT_FP_FR10_PS_SPEED_LOW_HIGH","35002266-1","Bool","DO61","750-1500","3","+CB.1","3500 VENTILATION","Ventilation Forepeak FR10 PS Speed Low/High","na",,"BOOLEAN"
"KEB1","VENT_LOCK_FR19_PS_ON_OFF","35002266-2","Bool","DO61","750-1500","4","+CB.1","3500 VENTILATION","Ventilation Locker FR19 PS On/Off","na",,"BOOLEAN"
"KEB1","VENT_LOCK_FR19_PS_SPEED_LOW_HIGH","35002266-2","Bool","DO61","750-1500","5","+CB.1","3500 VENTILATION","Ventilation Locker FR19 PS Speed Low/High","na",,"BOOLEAN"
"KEB1","VENT_LOCK_FR27_PS_ON_OFF","35002266-3","Bool","DO61","750-1500","6","+CB.1","3500 VENTILATION","Ventilation Locker FR27 PS On/Off","na",,"BOOLEAN"
"KEB1","VENT_LOCK_FR27_PS_SPEED_LOW_HIGH","35002266-3","Bool","DO61","750-1500","7","+CB.1","3500 VENTILATION","Ventilation Locker FR27 PS Speed Low/High","na",,"BOOLEAN"
"KEB1","VENT_LOCK_FR27_SB_ON_OFF","35002266-4","Bool","DO61","750-1500","8","+CB.1","3500 VENTILATION","Ventilation Locker FR27 SB On/Off","na",,"BOOLEAN"
"KEB1","VENT_LOCK_FR27_SB_SPEED_LOW_HIGH","35002266-4","Bool","DO61","750-1500","9","+CB.1","3500 VENTILATION","Ventilation Locker FR27 SB Speed Low/High","na",,"BOOLEAN"
"KEB1","VENT_LOCK_FR40_PS_ON_OFF","35002266-5","Bool","DO61","750-1500","10","+CB.1","3500 VENTILATION","Ventilation Locker FR40 PS On/Off","na",,"BOOLEAN"
"KEB1","VENT_LOCK_FR40_PS_SPEED_LOW_HIGH","35002266-5","Bool","DO61","750-1500","11","+CB.1","3500 VENTILATION","Ventilation Locker FR40 PS Speed Low/High","na",,"BOOLEAN"
"KEB1","VENT_LOCK_FR40_SB_ON_OFF","35002266-6","Bool","DO61","750-1500","12","+CB.1","3500 VENTILATION","Ventilation Locker FR40 SB On/Off","na",,"BOOLEAN"
"KEB1","VENT_LOCK_FR40_SB_SPEED_LOW_HIGH","35002266-6","Bool","DO61","750-1500","13","+CB.1","3500 VENTILATION","Ventilation Locker FR40 SB Speed Low/High","na",,"BOOLEAN"
"KEB1","VENT_LOCK_FR48_PS_ON_OFF","35002266-7","Bool","DO61","750-1500","14","+CB.1","3500 VENTILATION","Ventilation Locker FR48 PS On/Off","na",,"BOOLEAN"
"KEB1","VENT_LOCK_FR48_PS_SPEED_LOW_HIGH","35002266-7","Bool","DO61","750-1500","15","+CB.1","3500 VENTILATION","Ventilation Locker FR48 PS Speed Low/High","na",,"BOOLEAN"
"KEB1","VENT_LAZ_FR73_PS_ON_OFF","35002266-8","Bool","DO61","750-1500","16","+CB.1","3500 VENTILATION","Ventilation Lazarette FR73 PS On/Off","na",,"BOOLEAN"
"KEB1","VENT_LAZ_FR73_PS_SPEED_LOW_HIGH","35002266-8","Bool","DO62","750-1500","1","+CB.1","3500 VENTILATION","Ventilation Lazarette FR73 PS Speed Low/High","na",,"BOOLEAN"
"KEB1","VENT_LAZ_FR73_SB_ON_OFF","35002266-9","Bool","DO62","750-1500","2","+CB.1","3500 VENTILATION","Ventilation Lazarette FR73 SB On/Off","na",,"BOOLEAN"
"KEB1","VENT_LAZ_FR73_SB_SPEED_LOW_HIGH","35002266-9","Bool","DO62","750-1500","3","+CB.1","3500 VENTILATION","Ventilation Lazarette FR73 SB Speed Low/High","na",,"BOOLEAN"
"KEB1","TECH_WAT_VALVE_COLD_AIR_FR68_Y03_OPEN_CLOSE","25004020-1","Bool","DO62","750-1500","4","+CB.1","2500 TECHWATER","Valve For Cold Air Cooling Water FR68 Y03","na",,"BOOLEAN"
"KEB1","TECH_WAT_VALVE_COLD_AIR_FR32_Y04_OPEN_CLOSE","25004020-2","Bool","DO62","750-1500","5","+CB.1","2500 TECHWATER","Valve For Cold Air Cooling Water FR32 Y04","na",,"BOOLEAN"
"KEB1","TECH_WAT_VALVE_COLD_AIR_FR32_Y05_OPEN_CLOSE","25004020-3","Bool","DO62","750-1500","6","+CB.1","2500 TECHWATER","Valve For Cold Air Cooling Water FR32 Y05","na",,"BOOLEAN"
"KEB1","HELM_PS_IN_MOUSE_TOGG",,"Bool","DO62","750-1500","7","+CB.1","KVM SWITCHING","Helmstation PS In Mouse Toggle","na",,"BOOLEAN"
"KEB1","HELM_PS_AMCS_MUTE_FB",,"Bool","DO62","750-1500","8","+CB.2","4500 AMCS","Helmstation PS AMCS Mute Feedback","na",,"BOOLEAN"
"KEB2","GFDEnabled",,"Bool","R1","750-626/020-002","0","+CB.2","4500 AMCS","CREW MESS AMCS KEB2 Ground Fault Diagnostics Enabled",,,"BOOLEAN"
"KEB2","FieldVoltageAvailable",,"Bool","R1","750-626/020-002","2","+CB.2","4500 AMCS","CREW MESS AMCS KEB2 Voltage Available",,,"BOOLEAN"
"KEB2","PA24V",,"Bool","R1","750-626/020-002","4","+CB.2","4500 AMCS","CREW MESS AMCS KEB2 Power Distribution Insulation Pre-Alarm 24V",,,"BOOLEAN"
"KEB2","MA24V",,"Bool","R1","750-626/020-002","5","+CB.2","4500 AMCS","CREW MESS AMCS KEB2 Power Distribution Insulation Main-Alarm 24V",,,"BOOLEAN"
"KEB2","PA0V",,"Bool","R1","750-626/020-002","6","+CB.2","4500 AMCS","CREW MESS AMCS KEB2 Power Distribution Insulation Pre-Alarm 0V",,,"BOOLEAN"
"KEB2","MA0V",,"Bool","R1","750-626/020-002","7","+CB.2","4500 AMCS","CREW MESS AMCS KEB2 Power Distribution Insulation Main-Alarm 0V",,,"BOOLEAN"
"KEB2","AmcsPowerSupplyFailure",,"Bool","DI00","750-1415","1","+CB.2","4500 AMCS","CREW MESS AMCS KEB2 Power Supply Failure",,,"BOOLEAN"
"KEB2","Spare_DI00_2",,"Bool","DI00","750-1415","2","+CB.2","4500 AMCS","Spare",,,"BOOLEAN"
"KEB2","Spare_DI00_3",,"Bool","DI00","750-1415","3","+CB.2","4500 AMCS","Spare",,,"BOOLEAN"
"KEB2","Spare_DI00_4",,"Bool","DI00","750-1415","4","+CB.2","4500 AMCS","Spare",,,"BOOLEAN"
"KEB2","BridgeBuzzersPowerSupplyFailure",,"Bool","DI00","750-1415","5","+CB.2","4500 AMCS","Bridge Buzzers Power Supply Failure",,,"BOOLEAN"
"KEB2","BridgeAlarmPanelSilenceButton",,"Bool","DI00","750-1415","6","+CB.2","4500 AMCS","Bridge Alarm Panel Silence Button",,,"BOOLEAN"
"KEB2","OperatorBuzzersPowerSupplyFailure",,"Bool","DI00","750-1415","7","+CB.2","4500 AMCS","Operator Buzzers Power Supply Failure",,,"BOOLEAN"
"KEB2","OperatorAlarmPanelSilenceButton",,"Bool","DI00","750-1415","8","+CB.2","4500 AMCS","Operator Alarm Panel Silence Button",,,"BOOLEAN"
"KEB2","UmsCabin1Silence",,"Bool","DI01","750-1415","1","+CB.2","4500 AMCS","UMS Cabin 1 Silence",,,"BOOLEAN"
"KEB2","UmsCabin2Silence",,"Bool","DI01","750-1415","2","+CB.2","4500 AMCS","UMS Cabin 2 Silence",,,"BOOLEAN"
"KEB2","UmsCabin3Silence",,"Bool","DI01","750-1415","3","+CB.2","4500 AMCS","UMS Cabin 3 Silence",,,"BOOLEAN"
"KEB2","Spare_DI01_4",,"Bool","DI01","750-1415","4","+CB.2","4500 AMCS","Spare",,,"BOOLEAN"
"KEB2","Spare_DI01_5",,"Bool","DI01","750-1415","5","+CB.2","4500 AMCS","Spare",,,"BOOLEAN"
"KEB2","Spare_DI01_6",,"Bool","DI01","750-1415","6","+CB.2","4500 AMCS","Spare",,,"BOOLEAN"
"KEB2","Spare_DI01_7",,"Bool","DI01","750-1415","7","+CB.2","4500 AMCS","Spare",,,"BOOLEAN"
"KEB2","Spare_DI01_8",,"Bool","DI01","750-1415","8","+CB.2","4500 AMCS","Spare",,,"BOOLEAN"
"KEB2","UmsCabin1Buzzer",,"Bool","DO00","750-1515","1","+CB.2","4500 AMCS","UMS Cabin 1 Buzzer",,,"BOOLEAN"
"KEB2","UmsCabin2Buzzer",,"Bool","DO00","750-1515","2","+CB.2","4500 AMCS","UMS Cabin 2 Buzzer",,,"BOOLEAN"
"KEB2","UmsCabin3Buzzer",,"Bool","DO00","750-1515","3","+CB.2","4500 AMCS","UMS Cabin 3 Buzzer",,,"BOOLEAN"
"KEB2","BridgeAlarmPanelSilenceLight",,"Bool","DO00","750-1515","4","+CB.2","4500 AMCS","Bridge Alarm Panel Silence Light",,,"BOOLEAN"
"KEB2","OperatorAlarmPanelSilenceLight",,"Bool","DO00","750-1515","5","+CB.2","4500 AMCS","Operator Alarm Panel Silence Light",,,"BOOLEAN"
"KEB2","MachinerySpaceBuzzerHorn",,"Bool","DO00","750-1515","6","+CB.2","4500 AMCS","Machinery Space Buzzer  Horn",,,"BOOLEAN"
"KEB2","BridgeAlarmPanelBuzzer",,"Bool","DO00","750-1515","7","+CB.2","4500 AMCS","Bridge Alarm Panel Buzzer",,,"BOOLEAN"
"KEB2","OperatorAlarmPanelBuzzer",,"Bool","DO00","750-1515","8","+CB.2","4500 AMCS","Operator Alarm Panel Buzzer",,,"BOOLEAN"
"KEB2","UMSCabin1Duty",,"Bool","DO01","750-1515","1","+CB.2","4500 AMCS","UMS Cabin 1 Duty",,,"BOOLEAN"
"KEB2","UMSCabin1AlarmLed",,"Bool","DO01","750-1515","2","+CB.2","4500 AMCS","UMS Cabin 1 Alarm Led",,,"BOOLEAN"
"KEB2","UMSCabin2Duty",,"Bool","DO01","750-1515","3","+CB.2","4500 AMCS","UMS Cabin 2 Duty",,,"BOOLEAN"
"KEB2","UMSCabin2AlarmLed",,"Bool","DO01","750-1515","4","+CB.2","4500 AMCS","UMS Cabin 2 Alarm Led",,,"BOOLEAN"
"KEB2","UMSCabin3Duty",,"Bool","DO01","750-1515","5","+CB.2","4500 AMCS","UMS Cabin 3 Duty",,,"BOOLEAN"
"KEB2","UMSCabin3AlarmLed",,"Bool","DO01","750-1515","6","+CB.2","4500 AMCS","UMS Cabin 3 Alarm Led",,,"BOOLEAN"
"KEB2","Spare_DO01_7",,"Bool","DO01","750-1515","7","+CB.2","4500 AMCS","Spare",,,"BOOLEAN"
"KEB2","Spare_DO01_8",,"Bool","DO01","750-1515","8","+CB.2","4500 AMCS","Spare",,,"BOOLEAN"
"KEB2","AmcsPlcPowerModule1InternalFuseBlown",,"Bool","F1","750-610","1","+CB.2","4500 AMCS","AMCS PLC KEB2 Power Module 1 Internal Fuse Blown",,,"BOOLEAN"
"KEB2","AmcsPlcPowerModule1PowerFailure",,"Bool","F1","750-610","2","+CB.2","4500 AMCS","AMCS PLC KEB2 Power Module 1 Power Failure",,,"BOOLEAN"
"KEB2","BILGE_FRAME68_ALARM","21001031-1","Bool","DI20","750-1415","1","+CB.2","2100 BILGE FIFI","Water Sensor in Hull Fr.68 Alarm",,,"BOOLEAN"
"KEB2","BILGE_FRAME53_ALARM","21001031-2","Bool","DI20","750-1415","2","+CB.2","2100 BILGE FIFI","Water Sensor in Hull Fr.53 Alarm",,,"BOOLEAN"
"KEB2","BILGE_FRAME48_ALARM","21001031-3","Bool","DI20","750-1415","3","+CB.2","2100 BILGE FIFI","Water Sensor in Hull Fr.48 Alarm",,,"BOOLEAN"
"KEB2","BILGE_FRAME46_ALARM","21001031-4","Bool","DI20","750-1415","4","+CB.2","2100 BILGE FIFI","Water Sensor in Hull Fr.46 Alarm",,,"BOOLEAN"
"KEB2","BILGE_FRAME38_ALARM","21001031-5","Bool","DI20","750-1415","5","+CB.2","2100 BILGE FIFI","Water Sensor in Hull Fr.38 Alarm",,,"BOOLEAN"
"KEB2","BILGE_FRAME30_ALARM","21001031-6","Bool","DI20","750-1415","6","+CB.2","2100 BILGE FIFI","Water Sensor in Hull Fr.30 Alarm",,,"BOOLEAN"
"KEB2","BILGE_FRAME15_ALARM","21001031-7","Bool","DI20","750-1415","7","+CB.2","2100 BILGE FIFI","Water Sensor in Hull Fr.15 Alarm",,,"BOOLEAN"
"KEB2","BILGE_FRAME13_ALARM","21001031-8","Bool","DI20","750-1415","8","+CB.2","2100 BILGE FIFI","Water Sensor in Hull Fr.13 Alarm",,,"BOOLEAN"
"KEB2","BILGE_FRAME47SB_ALARM","21001031-9","Bool","DI21","750-1415","1","+CB.2","2100 BILGE FIFI","Water Sensor in Hull Fr.47 SB Alarm",,,"BOOLEAN"
"KEB2","BILGE_FRAME54PS_ALARM","21001031-10","Bool","DI21","750-1415","2","+CB.2","2100 BILGE FIFI","Water Sensor in Hull Fr.54 PS Alarm",,,"BOOLEAN"
"KEB2","BILGE_FRAME54SB_ALARM","21001031-11","Bool","DI21","750-1415","3","+CB.2","2100 BILGE FIFI","Water Sensor in Hull Fr.54 SB Alarm",,,"BOOLEAN"
"KEB2","BILGE_FRAME38PS_ALARM","21001031-12","Bool","DI21","750-1415","4","+CB.2","2100 BILGE FIFI","Water Sensor in Hull Fr.38 PS Alarm",,,"BOOLEAN"
"KEB2","BILGE_FRAME38SB_ALARM","21001031-13","Bool","DI21","750-1415","5","+CB.2","2100 BILGE FIFI","Water Sensor in Hull Fr.38 SB Alarm",,,"BOOLEAN"
"KEB2","BCKUP_GEN_SERV_PUMP_REM_AVAIL","21001003","Bool","DI21","750-1415","6","+CB.2","2100 GENERAL SERVICE","Backup General Service Pump Remote Available",,,"BOOLEAN"
"KEB2","BCKUP_GEN_SERV_PUMP_FIELD_START","21001003","Bool","DI21","750-1415","7","+CB.2","2100 GENERAL SERVICE","Backup General Service Pump Field Start",,,"BOOLEAN"
"KEB2","BCKUP_GEN_SERV_PUMP_FIELD_STOP","21001003","Bool","DI21","750-1415","8","+CB.2","2100 GENERAL SERVICE","Backup General Service Pump Field Stop",,,"BOOLEAN"
"KEB2","CAPT_CAB_DISP_TOGG",,"Bool","DI22","750-1415","1","+CB.2","KVM SWITCHING","Captains Cabin Display Toggle",,,"BOOLEAN"
"KEB2","MISSION_RM_DISP_TOGG",,"Bool","DI22","750-1415","2","+CB.2","KVM SWITCHING","Mission Room Display Toggle",,,"BOOLEAN"
"KEB2","CREW_MESS_DISP_TOGG",,"Bool","DI22","750-1415","3","+CB.2","KVM SWITCHING","Crew Mess Display Toggle",,,"BOOLEAN"
"KEB2","DECK_CRANE_GEN_ALARM","22AJB7/10.0","Bool","DI22","750-1415","6","+CB.2","7500 DECK CRANE","General Alarm",,,"BOOLEAN"
"KEB2","MOB_TENDER_HATCH_CL_LOCK","22AJB7/10.1","Bool","DI22","750-1415","7","+CB.2","7500 DECK CRANE","MOB Tender Hatch Closed & Locked",,,"BOOLEAN"
"KEB2","GUEST_TENDER_HATCH_CL_LOCK","22AJB7/10.2","Bool","DI22","750-1415","8","+CB.2","7500 DECK CRANE","Guest Tender Hatch Closed & Locked",,,"BOOLEAN"
"KEB2","SAIL_STOR_HATCH",,"Bool","DI23","750-1415","1","+CB.2","0900 DOORS HATCHES","Sail Storage Hatch Nr.2",,,"BOOLEAN"
"KEB2","FOREPEAK_ACC_HATCH",,"Bool","DI23","750-1415","2","+CB.2","0900 DOORS HATCHES","Forepeak Access Hatch Nr.3",,,"BOOLEAN"
"KEB2","DINGHY_STOR_ACC_FWD",,"Bool","DI23","750-1415","3","+CB.2","0900 DOORS HATCHES","Dinghy Storage Access Fwd Nr.7A",,,"BOOLEAN"
"KEB2","CRANE__HATCH_AFT",,"Bool","DI23","750-1415","4","+CB.2","0900 DOORS HATCHES","Crane  Hatch Aft Nr.7D",,,"BOOLEAN"
"KEB2","FORESHIP_STOR_AREA_ACC_HATCH",,"Bool","DI23","750-1415","5","+CB.2","0900 DOORS HATCHES","Foreship Storage Area Access Hatch Nr.9",,,"BOOLEAN"
"KEB2","CREW_ESCAPE_HATCH",,"Bool","DI23","750-1415","6","+CB.2","0900 DOORS HATCHES","Crew Escape Hatch Nr.15",,,"BOOLEAN"
"KEB2","CREW_AREA_ACC_DOOR",,"Bool","DI23","750-1415","7","+CB.2","0900 DOORS HATCHES","Crew Area Access Door Nr.19",,,"BOOLEAN"
"KEB2","FIRE_DETECT_FAULT",,"Bool","DI23","750-1415","8","+CB.2","4500 FIREDETECTION","System Fault",,,"BOOLEAN"
"KEB2","BCKUP_GEN_SERV_PUMP_START_RUN","21001003","Bool","DI24","750-1415","1","+CB.2","2100 GENERAL SERVICE","Backup General Service Pump Start / Running ",,,"BOOLEAN"
"KEB2","BATT_VENT_FWD_PS_ON_RUN",,"Bool","DI24","750-1415","2","+CB.2","xxxx VENTILATION","Battery Ventilation FWD PS On / Run ",,,"BOOLEAN"
"KEB2","BATT_VENT_FWD_PS_ON_FAULT",,"Bool","DI24","750-1415","3","+CB.2","xxxx VENTILATION","Battery Ventilation FWD PS Fault",,,"BOOLEAN"
"KEB2","BATT_VENT_FWD_PS_ON_READY",,"Bool","DI24","750-1415","4","+CB.2","xxxx VENTILATION","Battery Ventilation FWD PS Ready",,,"BOOLEAN"
"KEB2","BATT_VENT_FWD_SB_ON_RUN",,"Bool","DI24","750-1415","5","+CB.2","xxxx VENTILATION","Battery Ventilation FWD SB On / Run ",,,"BOOLEAN"
"KEB2","BATT_VENT_FWD_SB_ON_FAULT",,"Bool","DI24","750-1415","6","+CB.2","xxxx VENTILATION","Battery Ventilation FWD SB Fault",,,"BOOLEAN"
"KEB2","BATT_VENT_FWD_SB_ON_READY",,"Bool","DI24","750-1415","7","+CB.2","xxxx VENTILATION","Battery Ventilation FWD SB Ready",,,"BOOLEAN"
"KEB2","WTID_TECH_ROOM_ACCESS_DOOR",,"Bool","DI24","750-1415","8","+CB.2","0900 DOORS HATCHES","WTID Technical Room Access Door",,,"BOOLEAN"
"KEB2","WTID_FWD_CORRIDOR_DOOR",,"Bool","DI25","750-1415","1","+CB.2","0900 DOORS HATCHES","WTID Fwd End Corridor Door",,,"BOOLEAN"
"KEB2","WTID_AFT_CORRIDOR_DOOR",,"Bool","DI25","750-1415","2","+CB.2","0900 DOORS HATCHES","WTID Aft End corridor Door",,,"BOOLEAN"
"KEB2","WTSD_CLOSE_DOOR",,"Bool","DI25","750-1415","3","+CB.2","0900 DOORS HATCHES","WTSD Close Door ",,,"BOOLEAN"
"KEB2","WTSD_MAIN_BACKUP_PWR_FAIL",,"Bool","DI25","750-1415","4","+CB.2","0900 DOORS HATCHES","WTSD Man/Backup Power Failure",,,"BOOLEAN"
"KEB2","CLOSE_ALL_HULL_VALVES",,"Bool","DI25","750-1415","5","+CB.2","0900 DOORS HATCHES","Close All Hull Valves From SOS Locker",,,"BOOLEAN"
"KEB2","WTSD_DOOR_OPENED",,"Bool","DI25","750-1415","6","+CB.2","0900 DOORS HATCHES","WTSD Door Opened",,,"BOOLEAN"
"KEB2","WTSD_DOOR_CLOSED",,"Bool","DI25","750-1415","7","+CB.2","0900 DOORS HATCHES","WTSD Door Closed ",,,"BOOLEAN"
"KEB2","WTSD_LOW_AIR_PRESS",,"Bool","DI25","750-1415","8","+CB.2","0900 DOORS HATCHES","WTSD Low Air Pressure",,,"BOOLEAN"
"KEB2","STEER_OIL_LEVEL_TOO_LOW",,"Bool","DI26","750-1415","1","+CB.2","xxxx STEERING STYSTEM","Oil Level Too Low",,,"BOOLEAN"
"KEB2","STEER_OIL_FILTER_CLOGGED",,"Bool","DI26","750-1415","2","+CB.2","xxxx STEERING STYSTEM","Oil Filter Clogged",,,"BOOLEAN"
"KEB2","STEER_24V_MONITORING",,"Bool","DI26","750-1415","3","+CB.2","xxxx STEERING STYSTEM","24 Voltage Monitoring",,,"BOOLEAN"
"KEB2","STEER_FREQ_DR_POWER_FAIL",,"Bool","DI26","750-1415","4","+CB.2","xxxx STEERING STYSTEM","Frequency Drive Power Failure",,,"BOOLEAN"
"KEB2","DRAIN_VLV_Y02_POS_OVERBOARD","25004014-2","Bool","DI26","750-1415","5","+CB.2","2500 TECHWATER","Drain water Valve Y02 Position Overboard",,,"BOOLEAN"
"KEB2","DRAIN_VLV_Y02_POS_TO_PURO","25004014-2","Bool","DI26","750-1415","6","+CB.2","2500 TECHWATER","Drain water Valve Y02 Position to Puro",,,"BOOLEAN"
"KEB2","NOVEC_RELEASED_ALARM",,"Bool","DI26","750-1415","7","+CB.2","2200 NOVEC","Novec Released",,,"BOOLEAN"
"KEB2","NOVEC_BREAKER_TRIPPED_ALARM",,"Bool","DI26","750-1415","8","+CB.2","2200 NOVEC","Novec Breaker Tripped",,,"BOOLEAN"
"KEB2","SOS_LOCK_SUPPLY_14E1_1_Fail",,"Bool","DI27","750-1415","1","+CB.2","0900 DOORS HATCHES","SOS Locker Supply 14E1 1 Fail",,,"BOOLEAN"
"KEB2","SOS_LOCK_SUPPLY_14E1_2_Fail",,"Bool","DI27","750-1415","2","+CB.2","0900 DOORS HATCHES","SOS Locker Supply 14E1 2 Fail",,,"BOOLEAN"
"KEB2","SOS_LOCK_SUPPLY_14E1_3_Fail",,"Bool","DI27","750-1415","3","+CB.2","0900 DOORS HATCHES","SOS Locker Supply 14E1 3 Fail",,,"BOOLEAN"
"KEB2","EMERG_STOP_MTS_VENT_ACTIVE",,"Bool","DI27","750-1415","4","+CB.2","xxxx VENTILATION","Emergency Stop MTS Ventilation Active",,,"BOOLEAN"
"KEB2","EMERG_STOP_ACC_VENT_ACTIVE",,"Bool","DI27","750-1415","5","+CB.2","xxxx VENTILATION","Emergency Stop Accommodation Ventilation Active",,,"BOOLEAN"
"KEB2","EMERG_STOP_GAL_VENT_ACTIVE",,"Bool","DI27","750-1415","6","+CB.2","xxxx VENTILATION","Emergency Stop Galley Ventilation Active",,,"BOOLEAN"
"KEB2","HELM_SB_OUT_DISP_ON_OFF",,"Bool","DI28","750-1415","2","+CB.2","KVM SWITCHING","Helmstation SB Out Display On/Off ",,,"BOOLEAN"
"KEB2","HELM_SB_OUT_DISP_TOGG",,"Bool","DI28","750-1415","3","+CB.2","KVM SWITCHING","Helmstation SB Out Display Toggle",,,"BOOLEAN"
"KEB2","HELM_SB_IN_DISP_ON_OFF",,"Bool","DI28","750-1415","4","+CB.2","KVM SWITCHING","Helmstation SB In Display On/Off ",,,"BOOLEAN"
"KEB2","HELM_SB_IN_DISP_TOGG",,"Bool","DI28","750-1415","5","+CB.2","KVM SWITCHING","Helmstation SB In Display Toggle",,,"BOOLEAN"
"KEB2","HELM_SB_IN_DISP_AMCS",,"Bool","DI28","750-1415","6","+CB.2","4500 AMCS","Helmstation SB In Display AMCS Direct",,,"BOOLEAN"
"KEB2","HELM_SB_MUTE_AMCS",,"Bool","DI28","750-1415","7","+CB.2","4500 AMCS","Helmstation SB Mute AMCS",,,"BOOLEAN"
"KEB2","HELM_SB_BACKLIGHT_UP_DOWN",,"Bool","DI28","750-1415","8","+CB.2","4500 AMCS","Helmstation SB Backlight Up/Down",,,"BOOLEAN"
"KEB2","HELM_SB_CREW_CALL",,"Bool","DI29","750-1415","1","+CB.2","4500 AMCS","Helmstation SB Crew Call ",,,"BOOLEAN"
"KEB2","Spare_DI29_2",,"Bool","DI29","750-1415","2","+CB.2","4500 AMCS","Spare Yard _True_+CB.2",,,"BOOLEAN"
"KEB2","Spare_DI29_3",,"Bool","DI29","750-1415","3","+CB.2","4500 AMCS","Spare Yard _True_+CB.2",,,"BOOLEAN"
"KEB2","FWD_OXICELL_FIRE_FLAP_RELEASED","35005031-3","Bool","DI29","750-1415","4","+CB.2","3500 VENTILATION","FWD Space Oxycell Fire Flap Released",,,"BOOLEAN"
"KEB2","FWD_OXYCELL_FIRE_FLAP_FULLY_RESET","35005031-3","Bool","DI29","750-1415","5","+CB.2","3500 VENTILATION","FWD Space Oxycell Fire  Fire Flap Fully Reset ",,,"BOOLEAN"
"KEB2","GALLEY_HOOD1_FIRE_FLAP_RELEASED","35012001-1","Bool","DI29","750-1415","6","+CB.2","3500 VENTILATION","Galley Hood 1 Fire Flap Released",,,"BOOLEAN"
"KEB2","GALLEY_HOOD1_FIRE_FLAP_FULLY_RESET","35012001-1","Bool","DI29","750-1415","7","+CB.2","3500 VENTILATION","Galley Hood 1 Fire  Fire Flap Fully Reset ",,,"BOOLEAN"
"KEB2","GALLEY_HOOD2_FIRE_FLAP_RELEASED","35012001-1","Bool","DI29","750-1415","8","+CB.2","3500 VENTILATION","Galley Hood 2 Fire Flap Released",,,"BOOLEAN"
"KEB2","GALLEY_HOOD2_FIRE_FLAP_FULLY_RESET","35012001-1","Bool","DI30","750-1415","1","+CB.2","3500 VENTILATION","Galley Hood 2 Fire  Fire Flap Fully Reset ",,,"BOOLEAN"
"KEB2","PCS_CB.11_COM_ALARM",,"Bool","DI31","750-1415","1","+CB.1","PCS","PCS +CB.11 Common Alarm",,,"BOOLEAN"
"KEB2","PCS_CB.11_24VDC_SERV_FAIL",,"Bool","DI31","750-1415","2","+CB.1","PCS","PCS +CB.11 24Vdc Service Failure",,,"BOOLEAN"
"KEB2","PCS_CB.11_24VDC_EMERG_FAIL",,"Bool","DI31","750-1415","3","+CB.1","PCS","PCS +CB.11 24Vdc Emergency Failure ",,,"BOOLEAN"
"KEB2","PCS_CB.11_POWER_DISTR_INS",,"Bool","DI31","750-1415","4","+CB.1","PCS","PCS +CB.11 Power Distribution Insulation ",,,"BOOLEAN"
"KEB2","PCS_CB.11_HYDR_PRESS_ALARM",,"Bool","DI31","750-1415","5","+CB.1","PCS","PCS +CB.11 Hydraulic Pressure Alarm",,,"BOOLEAN"
"KEB2","PCS_CB.11_OIL_LEV_ALARM_SEAL_TANK",,"Bool","DI31","750-1415","6","+CB.1","PCS","PCS +CB.11 Oil level Alarm Shaft Seal Tank",,,"BOOLEAN"
"KEB2","PCS_CB.11_GEAR_OIL_LEV_ALARM",,"Bool","DI31","750-1415","7","+CB.1","PCS","PCS +CB.11 Thruster Gear Oil Level Alarm",,,"BOOLEAN"
"KEB2","PCS_CB.11_GEAR_OIL_TEMP_ALARM",,"Bool","DI31","750-1415","8","+CB.1","PCS","PCS +CB.11 Thruster Gear Oil Temperature Alarm",,,"BOOLEAN"
"KEB2","PCS_CB.11_OVERSP_ALARM",,"Bool","DI32","750-1415","1","+CB.1","PCS","PCS +CB.11 Thruster Overspeed Alarm",,,"BOOLEAN"
"KEB2","PCS_CB.11_OVERL_ALARM",,"Bool","DI32","750-1415","2","+CB.1","PCS","PCS +CB.11 Thruster Overload Alarm",,,"BOOLEAN"
"KEB2","PCS_CB.11_AZI_FOLL_UP_FAIL_ALARM",,"Bool","DI32","750-1415","3","+CB.1","PCS","PCS +CB.11 Thruster Azimuth Follow Up Failure/Alarm",,,"BOOLEAN"
"KEB2","PCS_CB.11_PITCH_FOLL_UP_FAIL_ALARM",,"Bool","DI32","750-1415","4","+CB.1","PCS","PCS +CB.11 Thruster Pitch Follow Up Failure/Alarm",,,"BOOLEAN"
"KEB2","CHAIN_LOCK_PRESS_SENSOR","21001049-1","Float","AI20","750-455","1","+CB.2","2100 BILGE FIFI","Chain Locker Bilge Level ","bar",,"REAL"
"KEB2","BILGE_TANK_PRESS_SENSOR","21001050","Float","AI20","750-455","2","+CB.2","2101 BILGE FIFI","Bilge Tank Level","bar",,"REAL"
"KEB2","FLOW_CREW_MESS_HOT_WATER","25001037-18","Float","AI20","750-455","3","+CB.2","2500 FRESH WATER","Flow Sensor Crew Mess Hot Water","4-20mA",,"REAL"
"KEB2","FLOW_CREW_MESS_COLD_WATER","25001037-17","Float","AI20","750-455","4","+CB.2","2500 FRESH WATER","Flow Sensor Crew Mess Cold Water","4-20mA",,"REAL"
"KEB2","FLOW_GALLEY_1_HOT_WATER","25001037-20","Float","AI21","750-455","1","+CB.2","2500 FRESH WATER","Flow Sensor Galley 1 Hot Water","4-20mA",,"REAL"
"KEB2","FLOW_GALLEY_1_COLD_WATER","25001037-19","Float","AI21","750-455","2","+CB.2","2500 FRESH WATER","Flow Sensor Galley 1 Cold Water","4-20mA",,"REAL"
"KEB2","FLOW_GALLEY_2_HOT_WATER","25001037-22","Float","AI21","750-455","3","+CB.2","2500 FRESH WATER","Flow Sensor Galley 2 Hot Water","4-20mA",,"REAL"
"KEB2","FLOW_GALLEY_2_COLD_WATER","25001037-21","Float","AI21","750-455","4","+CB.2","2500 FRESH WATER","Flow Sensor Galley 2 Cold Water","4-20mA",,"REAL"
"KEB2","FLOW_OVERFL_CABIN_BATHR_COLD_WATER","25001037-23","Float","AI22","750-455","1","+CB.2","2500 FRESH WATER","Flow Sensor Overflow Cabin Bathroom Cold Water","4-20mA",,"REAL"
"KEB2","FLOW_GUEST_BATHR_PS_FWD_HOT_WATER","25001037-25","Float","AI22","750-455","2","+CB.2","2500 FRESH WATER","Flow Sensor Guest Cabin Bathroom PS Fwd Hot Water","4-20mA",,"REAL"
"KEB2","FLOW_GUEST_BATHR_PS_FWD_COLD_WATER","25001037-24","Float","AI22","750-455","3","+CB.2","2500 FRESH WATER","Flow Sensor Guest Cabin Bathroom PS Fwd Cold Water","4-20mA",,"REAL"
"KEB2","FLOW_LAUNDRY_PS_1_HOT_WATER","25001037-15","Float","AI22","750-455","4","+CB.2","2500 FRESH WATER","Flow Sensor Laundry PS 1 Hot Water","4-20mA",,"REAL"
"KEB2","FLOW_LAUNDRY_PS_COLD_WATER","25001037-14","Float","AI23","750-455","1","+CB.2","2500 FRESH WATER","Flow Sensor Laundry PS Cold Water","4-20mA",,"REAL"
"KEB2","FLOW_LAUNDRY_PS_2_HOT_WATER","25001037-16","Float","AI23","750-455","2","+CB.2","2500 FRESH WATER","Flow Sensor Laundry PS 2 Hot Water","4-20mA",,"REAL"
"KEB2","FLOW_CAPTAINS_CABIN_HOT_WATER","25001037-13","Float","AI23","750-455","3","+CB.2","2500 FRESH WATER","Flow Sensor Captains Cabin Hot Water","4-20mA",,"REAL"
"KEB2","FLOW_CAPTAINS_CABIN_COLD_WATER","25001037-12","Float","AI23","750-455","4","+CB.2","2500 FRESH WATER","Flow Sensor Captains Cabin Cold Water","4-20mA",,"REAL"
"KEB2","FLOW_CREW_CABIN_SB_AFT_HOT_WATER","25001037-10","Float","AI24","750-455","1","+CB.2","2500 FRESH WATER","Flow Sensor Crew Cabin SB Aft Hot Water","4-20mA",,"REAL"
"KEB2","FLOW_CREW_CABIN_SB_AFT_COLD_WATER","25001037-11","Float","AI24","750-455","2","+CB.2","2500 FRESH WATER","Flow Sensor Crew Cabin SB Aft Cold Water","4-20mA",,"REAL"
"KEB2","FLOW_CREW_CABIN_SB_MID_HOT_WATER","25001037-9","Float","AI24","750-455","3","+CB.2","2500 FRESH WATER","Flow Sensor Crew Cabin SB Mid Hot Water","4-20mA",,"REAL"
"KEB2","FLOW_CREW_CABIN_SB_MID_COLD_WATER","25001037-8","Float","AI24","750-455","4","+CB.2","2500 FRESH WATER","Flow Sensor Crew Cabin SB Mid Cold Water","4-20mA",,"REAL"
"KEB2","FLOW_CREW_CABIN_PS_MID_HOT_WATER","25001037-7","Float","AI25","750-455","1","+CB.2","2500 FRESH WATER","Flow Sensor Crew Cabin PS Mid Hot Water","4-20mA",,"REAL"
"KEB2","FLOW_CREW_CABIN_PS_MID_COLD_WATER","25001037-6","Float","AI25","750-455","2","+CB.2","2500 FRESH WATER","Flow Sensor Crew Cabin PS Mid Cold Water","4-20mA",,"REAL"
"KEB2","FLOW_CREW_CABIN_SB_FWD_HOT_WATER","25001037-5","Float","AI25","750-455","3","+CB.2","2500 FRESH WATER","Flow Sensor Crew Cabin SB Fwd Hot Water","4-20mA",,"REAL"
"KEB2","FLOW_CREW_CABIN_SB_FWD_COLD_WATER","25001037-4","Float","AI25","750-455","4","+CB.2","2500 FRESH WATER","Flow Sensor Crew Cabin SB Fwd Cold Water","4-20mA",,"REAL"
"KEB2","FLOW_CREW_CABIN_PS_FWD_HOT_WATER","25001037-3","Float","AI26","750-455","1","+CB.2","2500 FRESH WATER","Flow Sensor Crew Cabin PS Fwd Hot Water","4-20mA",,"REAL"
"KEB2","FLOW_CREW_CABIN_PS_FWD_COLD_WATER","25001037-2","Float","AI26","750-455","2","+CB.2","2500 FRESH WATER","Flow Sensor Crew Cabin PS Fwd Cold Water","4-20mA",,"REAL"
"KEB2","FLOW_DECKHOUSE_HOT_WATER","25001037-28","Float","AI26","750-455","3","+CB.2","2500 FRESH WATER","Flow Sensor Deckhouse Hot Water","4-20mA",,"REAL"
"KEB2","FLOW_DECKHOUSE_COLD_WATER","25001037-26","Float","AI26","750-455","4","+CB.2","2500 FRESH WATER","Flow Sensor Deckhouse Cold Water","4-20mA",,"REAL"
"KEB2","FLOW_DECK_FR48_SB_TECH_COR_HOT_WATER","25001037-29","Float","AI27","750-455","1","+CB.2","2500 FRESH WATER","Flow Sensor Deck Douche FR48 SB Technical Corridor Hot Water","4-20mA",,"REAL"
"KEB2","FLOW_DECK_FR48_SB_TECH_COR_COLD_WATER","25001037-27","Float","AI27","750-455","2","+CB.2","2500 FRESH WATER","Flow Sensor Deck Douche FR48 SB Technical Corridor Cold Water","4-20mA",,"REAL"
"KEB2","PRESS_FR_46_SYSTEM_BEH_PRES_PUMPS","25001036","Float","AI27","750-455","3","+CB.2","2500 FRESH WATER","Pressure Sensor FR 46 System Pressure Behind Pressure Pumps","4-20mA",,"REAL"
"KEB2","ACC_SENSOR_1_OUTPX","45019001-1","Float","AI27","750-455","4","+CB.2","4500 AMCS","Acceleration Sensor 1 Output X","4-20mA",,"REAL"
"KEB2","ACC_SENSOR_1_OUTPY","45019001-1","Float","AI28","750-455","1","+CB.2","4500 AMCS","Acceleration Sensor 1 Output Y","4-20mA",,"REAL"
"KEB2","ACC_SENSOR_1_OUTPZ","45019001-1","Float","AI28","750-455","2","+CB.2","4500 AMCS","Acceleration Sensor 1 Output Z","4-20mA",,"REAL"
"KEB2","LEVEL_GREY_WATER_TANK_FWD_SB","34001025-4","Float","AI28","750-455","3","+CB.2","3400 SEWAGE","Level Sensor Grey Water Tank Fwd FR 33 SB","4-20mA",,"REAL"
"KEB2","TECH_WAT_FLOW_REEL_FOR_DECKWASH_B05","25004037-2","Float","AI28","750-455","4","+CB.2","2500 TECHWATER","Flow Sensor Reel For Deckwash B05","4-20mA",,"REAL"
"KEB2","TECH_WAT_FLOW_REEL_FOR_DECKWASH_B06","25004037-3","Float","AI29","750-455","1","+CB.2","2500 TECHWATER","Flow Sensor Reel For Deckwash B06","4-20mA",,"REAL"
"KEB2","BOW_THRUST_BEARING_TEMP_DE",,"Float","AI30","750-450","1","+CB.2","1500 PROPULSION","Fwd Thrust Motor Bearing Temperature DE","°C",,"REAL"
"KEB2","BOW_THRUST_BEARING_TEMP_NDE",,"Float","AI30","750-450","2","+CB.2","1500 PROPULSION","Fwd Thrust Motor Bearing Temperature NDE","°C",,"REAL"
"KEB2","CABINET_INTERNAL_TEMP",,"Float","AI30","750-450","3","+CB.2","4500 AMCS","Cabinet Internal Temperature Measurement","°C",,"REAL"
"KEB2","AmcsPlcPowerModule2FuseBlown",,"Bool","F2","750-610","1","+CB.2","4500 AMCS","AMCS PLC KEB2 Power Module 2 Fuse Blown",,,"BOOLEAN"
"KEB2","AmcsPlcPowerModule2PowerFailure",,"Bool","F2","750-610","2","+CB.2","4500 AMCS","AMCS PLC KEB2 Power Module 2 Power Failure",,,"BOOLEAN"
"KEB2","BATT_VENT_AFT_PS_SPEED",,"Float","AO60","750-555","1","+CB.2","xxxx VENTILATION","Battery Ventilation FWD PS Speed","%",,"REAL"
"KEB2","BATT_VENT_FWD_SB_SPEED",,"Float","AO60","750-555","2","+CB.2","xxxx VENTILATION","Battery Ventilation FWD SB Speed","%",,"REAL"
"KEB2","BCKUP_GEN_SERV_PUMP_FIELD_RUNN_FDBCK","21001003","Bool","DO60","750-1500","1","+CB.2","2100 GENERAL SERVICE","Backup General Service Pump Field Running Feedback","na",,"BOOLEAN"
"KEB2","HULL_VALVES_ALL_CLOSED_GREEN",,"Bool","DO60","750-1500","2","+CB.2","0900 DOORS HATCHES","All Hull Valves Closed (Green Pilot Light) ","na",,"BOOLEAN"
"KEB2","HULL_VALVES_OPEN_RED",,"Bool","DO60","750-1500","3","+CB.2","0900 DOORS HATCHES","Not All Hull Valves Closed (Red Pilot Light)","na",,"BOOLEAN"
"KEB2","CABINET_INTERNAL_FAN_CONTROL",,"Bool","DO60","750-1500","4","+CB.2","4500 AMCS","Cabinet Internal Fan Control","na",,"BOOLEAN"
"KEB2","HELM_SB_IN_MOUSE_TOGG",,"Bool","DO60","750-1500","6","+CB.2","KVM SWITCHING","Helmstation SB In Mouse Toggle","na",,"BOOLEAN"
"KEB2","HELM_SB_AMCS_MUTE_FB",,"Bool","DO60","750-1500","8","+CB.2","4500 AMCS","Helmstation SB AMCS Mute Feedback","na",,"BOOLEAN"
"KEB2","EMERG_STOP_ACC_VENT_ACTIVATED",,"Bool","DO60","750-1500","11","+CB.2","xxxx VENTILATION","Emergency Stop Accommodation Ventilation Activated","na",,"BOOLEAN"
"KEB2","EMERG_STOP_GAL_VENT_ACTIVATED",,"Bool","DO60","750-1500","12","+CB.2","xxxx VENTILATION","Emergency Stop Galley Ventilation Activated","na",,"BOOLEAN"
"NavLights","Hoistable_Anchor_FwdStatus",,"Bool",,,,"+CB.2","Navigation Lights","Hoistable Anchor FWD Status",,,"BOOLEAN"
"NavLights","Starboard_BowStatus",,"Bool",,,,"+CB.2","Navigation Lights","Starboard BOW Status",,,"BOOLEAN"
"NavLights","Portside_BowStatus",,"Bool",,,,"+CB.2","Navigation Lights","Portside BOW Status",,,"BOOLEAN"
"NavLights","SB_Nav_Spr_MAINStatus",,"Bool",,,,"+CB.2","Navigation Lights","SB Nav. Spr. (MAIN) Status",,,"BOOLEAN"
"NavLights","SB_Nav_Spr_BACKUPStatus",,"Bool",,,,"+CB.2","Navigation Lights","SB Nav. Spr. (BACKUP) Status",,,"BOOLEAN"
"NavLights","PS_Nav_Spr_MAINStatus",,"Bool",,,,"+CB.2","Navigation Lights","PS Nav. Spr. (MAIN) Status",,,"BOOLEAN"
"NavLights","PS_Nav_Spr_BACKUPStatus",,"Bool",,,,"+CB.2","Navigation Lights","PS Nav. Spr. (BACKUP) Status",,,"BOOLEAN"
"NavLights","Anchor_Aft_MAINStatus",,"Bool",,,,"+CB.2","Navigation Lights","Anchor AFT (MAIN) Status",,,"BOOLEAN"
"NavLights","Anchor_Aft_BACKUPStatus",,"Bool",,,,"+CB.2","Navigation Lights","Anchor AFT (BACKUP) Status",,,"BOOLEAN"
"NavLights","Steam_Main_MAINStatus",,"Bool",,,,"+CB.2","Navigation Lights","Steam. Main (MAIN) Status",,,"BOOLEAN"
"NavLights","Steam_Main_BACKUPStatus",,"Bool",,,,"+CB.2","Navigation Lights","Steam. Main (BACKUP) Status",,,"BOOLEAN"
"NavLights","Steam_Mizz_MAINStatus",,"Bool",,,,"+CB.2","Navigation Lights","Steam. Mizz. (MAIN) Status",,,"BOOLEAN"
"NavLights","Steam_Mizz_BACKUPStatus",,"Bool",,,,"+CB.2","Navigation Lights","Steam. Mizz. (BACKUP) Status",,,"BOOLEAN"
"NavLights","NUC_SB180_MAINStatus",,"Bool",,,,"+CB.2","Navigation Lights","NUC SB 180° (MAIN) Status",,,"BOOLEAN"
"NavLights","NUC_SB180_BACKUPStatus",,"Bool",,,,"+CB.2","Navigation Lights","NUC SB 180° (BACKUP) Status",,,"BOOLEAN"
"NavLights","NUC_PS180_MAINStatus",,"Bool",,,,"+CB.2","Navigation Lights","NUC PS 180° (MAIN) Status",,,"BOOLEAN"
"NavLights","NUC_PS180_BACKUPStatus",,"Bool",,,,"+CB.2","Navigation Lights","NUC PS180° (BACKUP) Status",,,"BOOLEAN"
"NavLights","Sailing_SB180_MAINStatus",,"Bool",,,,"+CB.2","Navigation Lights","Sailing SB 180° (MAIN) Status",,,"BOOLEAN"
"NavLights","Sailing_SB180_BACKUPStatus",,"Bool",,,,"+CB.2","Navigation Lights","Sailing SB 180° (BACKUP) Status",,,"BOOLEAN"
"NavLights","Sailing_PS180_MAINStatus",,"Bool",,,,"+CB.2","Navigation Lights","Sailing PS 180° (MAIN) Status",,,"BOOLEAN"
"NavLights","Sailing_PS180_BACKUPStatus",,"Bool",,,,"+CB.2","Navigation Lights","Sailing PS 180° (BACKUP) Status",,,"BOOLEAN"
"NavLights","NUC_and_Sailing_MAINStatus",,"Bool",,,,"+CB.2","Navigation Lights","NUC & Sailing (MAIN) Status",,,"BOOLEAN"
"NavLights","NUC_and_Sailing_BACKUPStatus",,"Bool",,,,"+CB.2","Navigation Lights","NUC & Sailing (BACKUP) Status",,,"BOOLEAN"
"NavLights","Stern_MAINStatus",,"Bool",,,,"+CB.2","Navigation Lights","Stern (MAIN) Status",,,"BOOLEAN"
"NavLights","Stern_BACKUPStatus",,"Bool",,,,"+CB.2","Navigation Lights","Stern (BACKUP) Status",,,"BOOLEAN"
"NavLights","Hoistable_Anchor_FwdCtrl",,"Bool",,,,"+CB.2","Navigation Lights","Hoistable Anchor FWD Control",,,"BOOLEAN"
"NavLights","Starboard_BowCtrl",,"Bool",,,,"+CB.2","Navigation Lights","Starboard BOW Control",,,"BOOLEAN"
"NavLights","Portside_BowCtrl",,"Bool",,,,"+CB.2","Navigation Lights","Portside BOW Control",,,"BOOLEAN"
"NavLights","SB_Nav_Spr_MAINCtrl",,"Bool",,,,"+CB.2","Navigation Lights","SB Nav. Spr. (MAIN) Control",,,"BOOLEAN"
"NavLights","SB_Nav_Spr_BACKUPCtrl",,"Bool",,,,"+CB.2","Navigation Lights","SB Nav. Spr. (BACKUP) Control",,,"BOOLEAN"
"NavLights","PS_Nav_Spr_MAINCtrl",,"Bool",,,,"+CB.2","Navigation Lights","PS Nav. Spr. (MAIN) Control",,,"BOOLEAN"
"NavLights","PS_Nav_Spr_BACKUPCtrl",,"Bool",,,,"+CB.2","Navigation Lights","PS Nav. Spr. (BACKUP) Control",,,"BOOLEAN"
"NavLights","Anchor_Aft_MAINCtrl",,"Bool",,,,"+CB.2","Navigation Lights","Anchor AFT (MAIN) Control",,,"BOOLEAN"
"NavLights","Anchor_Aft_BACKUPCtrl",,"Bool",,,,"+CB.2","Navigation Lights","Anchor AFT (BACKUP) Control",,,"BOOLEAN"
"NavLights","Steam_Main_MAINCtrl",,"Bool",,,,"+CB.2","Navigation Lights","Steam. Main (MAIN) Control",,,"BOOLEAN"
"NavLights","Steam_Main_BACKUPCtrl",,"Bool",,,,"+CB.2","Navigation Lights","Steam. Main (BACKUP) Control",,,"BOOLEAN"
"NavLights","Steam_Mizz_MAINCtrl",,"Bool",,,,"+CB.2","Navigation Lights","Steam. Mizz. (MAIN) Control",,,"BOOLEAN"
"NavLights","Steam_Mizz_BACKUPCtrl",,"Bool",,,,"+CB.2","Navigation Lights","Steam. Mizz. (BACKUP) Control",,,"BOOLEAN"
"NavLights","NUC_SB180_MAINCtrl",,"Bool",,,,"+CB.2","Navigation Lights","NUC SB 180° (MAIN) Control",,,"BOOLEAN"
"NavLights","NUC_SB180_BACKUPCtrl",,"Bool",,,,"+CB.2","Navigation Lights","NUC SB 180° (BACKUP) Control",,,"BOOLEAN"
"NavLights","NUC_PS180_MAINCtrl",,"Bool",,,,"+CB.2","Navigation Lights","NUC PS 180° (MAIN) Control",,,"BOOLEAN"
"NavLights","NUC_PS180_BACKUPCtrl",,"Bool",,,,"+CB.2","Navigation Lights","NUC PS 180° (BACKUP) Control",,,"BOOLEAN"
"NavLights","Sailing_SB180_MAINCtrl",,"Bool",,,,"+CB.2","Navigation Lights","Sailing SB 180° (MAIN) Control",,,"BOOLEAN"
"NavLights","Sailing_SB180_BACKUPCtrl",,"Bool",,,,"+CB.2","Navigation Lights","Sailing SB 180° (BACKUP) Control",,,"BOOLEAN"
"NavLights","Sailing_PS180_MAINCtrl",,"Bool",,,,"+CB.2","Navigation Lights","Sailing PS 180° (MAIN) Control",,,"BOOLEAN"
"NavLights","Sailing_PS180_BACKUPCtrl",,"Bool",,,,"+CB.2","Navigation Lights","Sailing PS 180° (BACKUP) Control",,,"BOOLEAN"
"NavLights","NUC_and_Sailing_MAINCtrl",,"Bool",,,,"+CB.2","Navigation Lights","NUC & Sailing (MAIN) Control",,,"BOOLEAN"
"NavLights","NUC_and_Sailing_BACKUPCtrl",,"Bool",,,,"+CB.2","Navigation Lights","NUC & Sailing (BACKUP) Control",,,"BOOLEAN"
"NavLights","Stern_MAINCtrl",,"Bool",,,,"+CB.2","Navigation Lights","Stern (MAIN) Control",,,"BOOLEAN"
"NavLights","Stern_BACKUPCtrl",,"Bool",,,,"+CB.2","Navigation Lights","Stern (BACKUP) Control",,,"BOOLEAN"
"NavLights","PowerMainOn",,"Bool",,,,"+CB.2","Navigation Lights","PowerMainOn",,,"BOOLEAN"
"NavLights","PowerEmergencyOn",,"Bool",,,,"+CB.2","Navigation Lights","PowerEmergencyOn",,,"BOOLEAN"
"NavLights","PowerLampsOn",,"Bool",,,,"+CB.2","Navigation Lights","PowerLampsOn",,,"BOOLEAN"
"NavLights","ManualOperationActive",,"Bool",,,,"+CB.2","Navigation Lights","ManualOperationActive",,,"BOOLEAN"
"NavLights","CommunicationError",,"Bool",,,,"+CB.2","Navigation Lights","CommunicationError",,,"BOOLEAN"
"NavLights","Hoistable_Anchor_FwdOpTime",,"Uint32",,,,"+CB.2","Navigation Lights","Hoistable Anchor FWD Operating Time","Minutes",,"BIGINT"
"NavLights","Starboard_BowOpTime",,"Uint32",,,,"+CB.2","Navigation Lights","Starboard BOW Operating Time","Minutes",,"BIGINT"
"NavLights","Portside_BowOpTime",,"Uint32",,,,"+CB.2","Navigation Lights","Portside BOW Operating Time","Minutes",,"BIGINT"
"NavLights","SB_Nav_Spr_MAINOpTime",,"Uint32",,,,"+CB.2","Navigation Lights","SB Nav. Spr. (MAIN) Operating Time","Minutes",,"BIGINT"
"NavLights","SB_Nav_Spr_BACKUPOpTime",,"Uint32",,,,"+CB.2","Navigation Lights","SB Nav. Spr. (BACKUP) Operating Time","Minutes",,"BIGINT"
"NavLights","PS_Nav_Spr_MAINOpTime",,"Uint32",,,,"+CB.2","Navigation Lights","PS Nav. Spr. (MAIN) Operating Time","Minutes",,"BIGINT"
"NavLights","PS_Nav_Spr_BACKUPOpTime",,"Uint32",,,,"+CB.2","Navigation Lights","PS Nav. Spr. (BACKUP) Operating Time","Minutes",,"BIGINT"
"NavLights","Anchor_Aft_MAINOpTime",,"Uint32",,,,"+CB.2","Navigation Lights","Anchor AFT (MAIN) Operating Time","Minutes",,"BIGINT"
"NavLights","Anchor_Aft_BACKUPOpTime",,"Uint32",,,,"+CB.2","Navigation Lights","Anchor AFT (BACKUP) Operating Time","Minutes",,"BIGINT"
"NavLights","Steam_Main_MAINOpTime",,"Uint32",,,,"+CB.2","Navigation Lights","Steam. Main (MAIN) Operating Time","Minutes",,"BIGINT"
"NavLights","Steam_Main_BACKUPOpTime",,"Uint32",,,,"+CB.2","Navigation Lights","Steam. Main (BACKUP) Operating Time","Minutes",,"BIGINT"
"NavLights","Steam_Mizz_MAINOpTime",,"Uint32",,,,"+CB.2","Navigation Lights","Steam. Mizz. (MAIN) Operating Time","Minutes",,"BIGINT"
"NavLights","Steam_Mizz_BACKUPOpTime",,"Uint32",,,,"+CB.2","Navigation Lights","Steam. Mizz. (BACKUP) Operating Time","Minutes",,"BIGINT"
"NavLights","NUC_SB180_MAINOpTime",,"Uint32",,,,"+CB.2","Navigation Lights","NUC Stb180° (MAIN) Operating Time","Minutes",,"BIGINT"
"NavLights","NUC_SB180_BACKUPOpTime",,"Uint32",,,,"+CB.2","Navigation Lights","NUC Stb180° (BACKUP) Operating Time","Minutes",,"BIGINT"
"NavLights","NUC_PS180_MAINOpTime",,"Uint32",,,,"+CB.2","Navigation Lights","NUC PS 180° (MAIN) Operating Time","Minutes",,"BIGINT"
"NavLights","NUC_PS180_BACKUPOpTime",,"Uint32",,,,"+CB.2","Navigation Lights","NUC PS 180° (BACKUP) Operating Time","Minutes",,"BIGINT"
"NavLights","Sailing_SB180_MAINOpTime",,"Uint32",,,,"+CB.2","Navigation Lights","Sailing SB 180° (MAIN) Operating Time","Minutes",,"BIGINT"
"NavLights","Sailing_SB180_BACKUPOpTime",,"Uint32",,,,"+CB.2","Navigation Lights","Sailing SB 180° (BACKUP) Operating Time","Minutes",,"BIGINT"
"NavLights","Sailing_PS180_MAINOpTime",,"Uint32",,,,"+CB.2","Navigation Lights","Sailing PS 180° (MAIN) Operating Time","Minutes",,"BIGINT"
"NavLights","Sailing_PS180_BACKUPOpTime",,"Uint32",,,,"+CB.2","Navigation Lights","Sailing PS 180° (BACKUP) Operating Time","Minutes",,"BIGINT"
"NavLights","NUC_and_Sailing_MAINOpTime",,"Uint32",,,,"+CB.2","Navigation Lights","NUC & Sailing (MAIN) Operating Time","Minutes",,"BIGINT"
"NavLights","NUC_and_Sailing_BACKUPOpTime",,"Uint32",,,,"+CB.2","Navigation Lights","NUC & Sailing (BACKUP) Operating Time","Minutes",,"BIGINT"
"NavLights","Stern_MAINOpTime",,"Uint32",,,,"+CB.2","Navigation Lights","Stern (MAIN) Operating Time","Minutes",,"BIGINT"
"NavLights","Stern_BACKUPOpTime",,"Uint32",,,,"+CB.2","Navigation Lights","Stern (BACKUP) Operating Time","Minutes",,"BIGINT"
